s,a,s_prime,r,p
"(np.int64(0), np.int64(10))",LEFT,"(0, 10)",0,0.8
"(np.int64(0), np.int64(10))",LEFT,"(0, 10)",0,0.1
"(np.int64(0), np.int64(10))",LEFT,"(0, 9)",0,0.1
"(np.int64(0), np.int64(10))",RIGHT,"(1, 10)",0,0.8
"(np.int64(0), np.int64(10))",RIGHT,"(0, 10)",0,0.1
"(np.int64(0), np.int64(10))",RIGHT,"(0, 9)",0,0.1
"(np.int64(0), np.int64(10))",DOWN,"(0, 9)",0,0.8
"(np.int64(0), np.int64(10))",DOWN,"(0, 10)",0,0.1
"(np.int64(0), np.int64(10))",DOWN,"(1, 10)",0,0.1
"(np.int64(0), np.int64(10))",UP,"(0, 10)",0,0.8
"(np.int64(0), np.int64(10))",UP,"(0, 10)",0,0.1
"(np.int64(0), np.int64(10))",UP,"(1, 10)",0,0.1
"(np.int64(1), np.int64(10))",LEFT,"(0, 10)",0,0.8
"(np.int64(1), np.int64(10))",LEFT,"(1, 10)",0,0.1
"(np.int64(1), np.int64(10))",LEFT,"(1, 9)",0,0.1
"(np.int64(1), np.int64(10))",RIGHT,"(2, 10)",0,0.8
"(np.int64(1), np.int64(10))",RIGHT,"(1, 10)",0,0.1
"(np.int64(1), np.int64(10))",RIGHT,"(1, 9)",0,0.1
"(np.int64(1), np.int64(10))",DOWN,"(1, 9)",0,0.8
"(np.int64(1), np.int64(10))",DOWN,"(0, 10)",0,0.1
"(np.int64(1), np.int64(10))",DOWN,"(2, 10)",0,0.1
"(np.int64(1), np.int64(10))",UP,"(1, 10)",0,0.8
"(np.int64(1), np.int64(10))",UP,"(0, 10)",0,0.1
"(np.int64(1), np.int64(10))",UP,"(2, 10)",0,0.1
"(np.int64(2), np.int64(10))",LEFT,"(1, 10)",0,0.8
"(np.int64(2), np.int64(10))",LEFT,"(2, 10)",0,0.1
"(np.int64(2), np.int64(10))",LEFT,"(2, 9)",0,0.1
"(np.int64(2), np.int64(10))",RIGHT,"(3, 10)",0,0.8
"(np.int64(2), np.int64(10))",RIGHT,"(2, 10)",0,0.1
"(np.int64(2), np.int64(10))",RIGHT,"(2, 9)",0,0.1
"(np.int64(2), np.int64(10))",DOWN,"(2, 9)",0,0.8
"(np.int64(2), np.int64(10))",DOWN,"(1, 10)",0,0.1
"(np.int64(2), np.int64(10))",DOWN,"(3, 10)",0,0.1
"(np.int64(2), np.int64(10))",UP,"(2, 10)",0,0.8
"(np.int64(2), np.int64(10))",UP,"(1, 10)",0,0.1
"(np.int64(2), np.int64(10))",UP,"(3, 10)",0,0.1
"(np.int64(3), np.int64(10))",LEFT,"(2, 10)",0,0.8
"(np.int64(3), np.int64(10))",LEFT,"(3, 10)",0,0.1
"(np.int64(3), np.int64(10))",LEFT,"(3, 9)",0,0.1
"(np.int64(3), np.int64(10))",RIGHT,"(4, 10)",0,0.8
"(np.int64(3), np.int64(10))",RIGHT,"(3, 10)",0,0.1
"(np.int64(3), np.int64(10))",RIGHT,"(3, 9)",0,0.1
"(np.int64(3), np.int64(10))",DOWN,"(3, 9)",0,0.8
"(np.int64(3), np.int64(10))",DOWN,"(2, 10)",0,0.1
"(np.int64(3), np.int64(10))",DOWN,"(4, 10)",0,0.1
"(np.int64(3), np.int64(10))",UP,"(3, 10)",0,0.8
"(np.int64(3), np.int64(10))",UP,"(2, 10)",0,0.1
"(np.int64(3), np.int64(10))",UP,"(4, 10)",0,0.1
"(np.int64(4), np.int64(10))",LEFT,"(3, 10)",0,0.8
"(np.int64(4), np.int64(10))",LEFT,"(4, 10)",0,0.1
"(np.int64(4), np.int64(10))",LEFT,"(4, 9)",0,0.1
"(np.int64(4), np.int64(10))",RIGHT,"(4, 10)",0,0.8
"(np.int64(4), np.int64(10))",RIGHT,"(4, 10)",0,0.1
"(np.int64(4), np.int64(10))",RIGHT,"(4, 9)",0,0.1
"(np.int64(4), np.int64(10))",DOWN,"(4, 9)",0,0.8
"(np.int64(4), np.int64(10))",DOWN,"(3, 10)",0,0.1
"(np.int64(4), np.int64(10))",DOWN,"(4, 10)",0,0.1
"(np.int64(4), np.int64(10))",UP,"(4, 10)",0,0.8
"(np.int64(4), np.int64(10))",UP,"(3, 10)",0,0.1
"(np.int64(4), np.int64(10))",UP,"(4, 10)",0,0.1
"(np.int64(6), np.int64(10))",LEFT,"(6, 10)",0,0.8
"(np.int64(6), np.int64(10))",LEFT,"(6, 10)",0,0.1
"(np.int64(6), np.int64(10))",LEFT,"(6, 9)",0,0.1
"(np.int64(6), np.int64(10))",RIGHT,"(7, 10)",0,0.8
"(np.int64(6), np.int64(10))",RIGHT,"(6, 10)",0,0.1
"(np.int64(6), np.int64(10))",RIGHT,"(6, 9)",0,0.1
"(np.int64(6), np.int64(10))",DOWN,"(6, 9)",0,0.8
"(np.int64(6), np.int64(10))",DOWN,"(6, 10)",0,0.1
"(np.int64(6), np.int64(10))",DOWN,"(7, 10)",0,0.1
"(np.int64(6), np.int64(10))",UP,"(6, 10)",0,0.8
"(np.int64(6), np.int64(10))",UP,"(6, 10)",0,0.1
"(np.int64(6), np.int64(10))",UP,"(7, 10)",0,0.1
"(np.int64(7), np.int64(10))",LEFT,"(6, 10)",0,0.8
"(np.int64(7), np.int64(10))",LEFT,"(7, 10)",0,0.1
"(np.int64(7), np.int64(10))",LEFT,"(7, 9)",0,0.1
"(np.int64(7), np.int64(10))",RIGHT,"(8, 10)",0,0.8
"(np.int64(7), np.int64(10))",RIGHT,"(7, 10)",0,0.1
"(np.int64(7), np.int64(10))",RIGHT,"(7, 9)",0,0.1
"(np.int64(7), np.int64(10))",DOWN,"(7, 9)",0,0.8
"(np.int64(7), np.int64(10))",DOWN,"(6, 10)",0,0.1
"(np.int64(7), np.int64(10))",DOWN,"(8, 10)",0,0.1
"(np.int64(7), np.int64(10))",UP,"(7, 10)",0,0.8
"(np.int64(7), np.int64(10))",UP,"(6, 10)",0,0.1
"(np.int64(7), np.int64(10))",UP,"(8, 10)",0,0.1
"(np.int64(8), np.int64(10))",LEFT,"(7, 10)",0,0.8
"(np.int64(8), np.int64(10))",LEFT,"(8, 10)",0,0.1
"(np.int64(8), np.int64(10))",LEFT,"(8, 9)",0,0.1
"(np.int64(8), np.int64(10))",RIGHT,"(9, 10)",0,0.8
"(np.int64(8), np.int64(10))",RIGHT,"(8, 10)",0,0.1
"(np.int64(8), np.int64(10))",RIGHT,"(8, 9)",0,0.1
"(np.int64(8), np.int64(10))",DOWN,"(8, 9)",0,0.8
"(np.int64(8), np.int64(10))",DOWN,"(7, 10)",0,0.1
"(np.int64(8), np.int64(10))",DOWN,"(9, 10)",0,0.1
"(np.int64(8), np.int64(10))",UP,"(8, 10)",0,0.8
"(np.int64(8), np.int64(10))",UP,"(7, 10)",0,0.1
"(np.int64(8), np.int64(10))",UP,"(9, 10)",0,0.1
"(np.int64(9), np.int64(10))",LEFT,"(8, 10)",0,0.8
"(np.int64(9), np.int64(10))",LEFT,"(9, 10)",0,0.1
"(np.int64(9), np.int64(10))",LEFT,"(9, 9)",0,0.1
"(np.int64(9), np.int64(10))",RIGHT,"(10, 10)",1,0.8
"(np.int64(9), np.int64(10))",RIGHT,"(9, 10)",0,0.1
"(np.int64(9), np.int64(10))",RIGHT,"(9, 9)",0,0.1
"(np.int64(9), np.int64(10))",DOWN,"(9, 9)",0,0.8
"(np.int64(9), np.int64(10))",DOWN,"(8, 10)",0,0.1
"(np.int64(9), np.int64(10))",DOWN,"(10, 10)",1,0.1
"(np.int64(9), np.int64(10))",UP,"(9, 10)",0,0.8
"(np.int64(9), np.int64(10))",UP,"(8, 10)",0,0.1
"(np.int64(9), np.int64(10))",UP,"(10, 10)",1,0.1
"(np.int64(10), np.int64(10))",(any),"(0, 0)",0,1.0
"(np.int64(0), np.int64(9))",LEFT,"(0, 9)",0,0.8
"(np.int64(0), np.int64(9))",LEFT,"(0, 10)",0,0.1
"(np.int64(0), np.int64(9))",LEFT,"(0, 8)",0,0.1
"(np.int64(0), np.int64(9))",RIGHT,"(1, 9)",0,0.8
"(np.int64(0), np.int64(9))",RIGHT,"(0, 10)",0,0.1
"(np.int64(0), np.int64(9))",RIGHT,"(0, 8)",0,0.1
"(np.int64(0), np.int64(9))",DOWN,"(0, 8)",0,0.8
"(np.int64(0), np.int64(9))",DOWN,"(0, 9)",0,0.1
"(np.int64(0), np.int64(9))",DOWN,"(1, 9)",0,0.1
"(np.int64(0), np.int64(9))",UP,"(0, 10)",0,0.8
"(np.int64(0), np.int64(9))",UP,"(0, 9)",0,0.1
"(np.int64(0), np.int64(9))",UP,"(1, 9)",0,0.1
"(np.int64(1), np.int64(9))",LEFT,"(0, 9)",0,0.8
"(np.int64(1), np.int64(9))",LEFT,"(1, 10)",0,0.1
"(np.int64(1), np.int64(9))",LEFT,"(1, 8)",0,0.1
"(np.int64(1), np.int64(9))",RIGHT,"(2, 9)",0,0.8
"(np.int64(1), np.int64(9))",RIGHT,"(1, 10)",0,0.1
"(np.int64(1), np.int64(9))",RIGHT,"(1, 8)",0,0.1
"(np.int64(1), np.int64(9))",DOWN,"(1, 8)",0,0.8
"(np.int64(1), np.int64(9))",DOWN,"(0, 9)",0,0.1
"(np.int64(1), np.int64(9))",DOWN,"(2, 9)",0,0.1
"(np.int64(1), np.int64(9))",UP,"(1, 10)",0,0.8
"(np.int64(1), np.int64(9))",UP,"(0, 9)",0,0.1
"(np.int64(1), np.int64(9))",UP,"(2, 9)",0,0.1
"(np.int64(2), np.int64(9))",LEFT,"(1, 9)",0,0.8
"(np.int64(2), np.int64(9))",LEFT,"(2, 10)",0,0.1
"(np.int64(2), np.int64(9))",LEFT,"(2, 8)",0,0.1
"(np.int64(2), np.int64(9))",RIGHT,"(3, 9)",0,0.8
"(np.int64(2), np.int64(9))",RIGHT,"(2, 10)",0,0.1
"(np.int64(2), np.int64(9))",RIGHT,"(2, 8)",0,0.1
"(np.int64(2), np.int64(9))",DOWN,"(2, 8)",0,0.8
"(np.int64(2), np.int64(9))",DOWN,"(1, 9)",0,0.1
"(np.int64(2), np.int64(9))",DOWN,"(3, 9)",0,0.1
"(np.int64(2), np.int64(9))",UP,"(2, 10)",0,0.8
"(np.int64(2), np.int64(9))",UP,"(1, 9)",0,0.1
"(np.int64(2), np.int64(9))",UP,"(3, 9)",0,0.1
"(np.int64(3), np.int64(9))",LEFT,"(2, 9)",0,0.8
"(np.int64(3), np.int64(9))",LEFT,"(3, 10)",0,0.1
"(np.int64(3), np.int64(9))",LEFT,"(3, 8)",0,0.1
"(np.int64(3), np.int64(9))",RIGHT,"(4, 9)",0,0.8
"(np.int64(3), np.int64(9))",RIGHT,"(3, 10)",0,0.1
"(np.int64(3), np.int64(9))",RIGHT,"(3, 8)",0,0.1
"(np.int64(3), np.int64(9))",DOWN,"(3, 8)",0,0.8
"(np.int64(3), np.int64(9))",DOWN,"(2, 9)",0,0.1
"(np.int64(3), np.int64(9))",DOWN,"(4, 9)",0,0.1
"(np.int64(3), np.int64(9))",UP,"(3, 10)",0,0.8
"(np.int64(3), np.int64(9))",UP,"(2, 9)",0,0.1
"(np.int64(3), np.int64(9))",UP,"(4, 9)",0,0.1
"(np.int64(4), np.int64(9))",LEFT,"(3, 9)",0,0.8
"(np.int64(4), np.int64(9))",LEFT,"(4, 10)",0,0.1
"(np.int64(4), np.int64(9))",LEFT,"(4, 8)",0,0.1
"(np.int64(4), np.int64(9))",RIGHT,"(4, 9)",0,0.8
"(np.int64(4), np.int64(9))",RIGHT,"(4, 10)",0,0.1
"(np.int64(4), np.int64(9))",RIGHT,"(4, 8)",0,0.1
"(np.int64(4), np.int64(9))",DOWN,"(4, 8)",0,0.8
"(np.int64(4), np.int64(9))",DOWN,"(3, 9)",0,0.1
"(np.int64(4), np.int64(9))",DOWN,"(4, 9)",0,0.1
"(np.int64(4), np.int64(9))",UP,"(4, 10)",0,0.8
"(np.int64(4), np.int64(9))",UP,"(3, 9)",0,0.1
"(np.int64(4), np.int64(9))",UP,"(4, 9)",0,0.1
"(np.int64(6), np.int64(9))",LEFT,"(6, 9)",0,0.8
"(np.int64(6), np.int64(9))",LEFT,"(6, 10)",0,0.1
"(np.int64(6), np.int64(9))",LEFT,"(6, 8)",0,0.1
"(np.int64(6), np.int64(9))",RIGHT,"(7, 9)",0,0.8
"(np.int64(6), np.int64(9))",RIGHT,"(6, 10)",0,0.1
"(np.int64(6), np.int64(9))",RIGHT,"(6, 8)",0,0.1
"(np.int64(6), np.int64(9))",DOWN,"(6, 8)",0,0.8
"(np.int64(6), np.int64(9))",DOWN,"(6, 9)",0,0.1
"(np.int64(6), np.int64(9))",DOWN,"(7, 9)",0,0.1
"(np.int64(6), np.int64(9))",UP,"(6, 10)",0,0.8
"(np.int64(6), np.int64(9))",UP,"(6, 9)",0,0.1
"(np.int64(6), np.int64(9))",UP,"(7, 9)",0,0.1
"(np.int64(7), np.int64(9))",LEFT,"(6, 9)",0,0.8
"(np.int64(7), np.int64(9))",LEFT,"(7, 10)",0,0.1
"(np.int64(7), np.int64(9))",LEFT,"(7, 8)",0,0.1
"(np.int64(7), np.int64(9))",RIGHT,"(8, 9)",0,0.8
"(np.int64(7), np.int64(9))",RIGHT,"(7, 10)",0,0.1
"(np.int64(7), np.int64(9))",RIGHT,"(7, 8)",0,0.1
"(np.int64(7), np.int64(9))",DOWN,"(7, 8)",0,0.8
"(np.int64(7), np.int64(9))",DOWN,"(6, 9)",0,0.1
"(np.int64(7), np.int64(9))",DOWN,"(8, 9)",0,0.1
"(np.int64(7), np.int64(9))",UP,"(7, 10)",0,0.8
"(np.int64(7), np.int64(9))",UP,"(6, 9)",0,0.1
"(np.int64(7), np.int64(9))",UP,"(8, 9)",0,0.1
"(np.int64(8), np.int64(9))",LEFT,"(7, 9)",0,0.8
"(np.int64(8), np.int64(9))",LEFT,"(8, 10)",0,0.1
"(np.int64(8), np.int64(9))",LEFT,"(8, 8)",0,0.1
"(np.int64(8), np.int64(9))",RIGHT,"(9, 9)",0,0.8
"(np.int64(8), np.int64(9))",RIGHT,"(8, 10)",0,0.1
"(np.int64(8), np.int64(9))",RIGHT,"(8, 8)",0,0.1
"(np.int64(8), np.int64(9))",DOWN,"(8, 8)",0,0.8
"(np.int64(8), np.int64(9))",DOWN,"(7, 9)",0,0.1
"(np.int64(8), np.int64(9))",DOWN,"(9, 9)",0,0.1
"(np.int64(8), np.int64(9))",UP,"(8, 10)",0,0.8
"(np.int64(8), np.int64(9))",UP,"(7, 9)",0,0.1
"(np.int64(8), np.int64(9))",UP,"(9, 9)",0,0.1
"(np.int64(9), np.int64(9))",LEFT,"(8, 9)",0,0.8
"(np.int64(9), np.int64(9))",LEFT,"(9, 10)",0,0.1
"(np.int64(9), np.int64(9))",LEFT,"(9, 8)",0,0.1
"(np.int64(9), np.int64(9))",RIGHT,"(10, 9)",0,0.8
"(np.int64(9), np.int64(9))",RIGHT,"(9, 10)",0,0.1
"(np.int64(9), np.int64(9))",RIGHT,"(9, 8)",0,0.1
"(np.int64(9), np.int64(9))",DOWN,"(9, 8)",0,0.8
"(np.int64(9), np.int64(9))",DOWN,"(8, 9)",0,0.1
"(np.int64(9), np.int64(9))",DOWN,"(10, 9)",0,0.1
"(np.int64(9), np.int64(9))",UP,"(9, 10)",0,0.8
"(np.int64(9), np.int64(9))",UP,"(8, 9)",0,0.1
"(np.int64(9), np.int64(9))",UP,"(10, 9)",0,0.1
"(np.int64(10), np.int64(9))",LEFT,"(9, 9)",0,0.8
"(np.int64(10), np.int64(9))",LEFT,"(10, 10)",1,0.1
"(np.int64(10), np.int64(9))",LEFT,"(10, 8)",0,0.1
"(np.int64(10), np.int64(9))",RIGHT,"(10, 9)",0,0.8
"(np.int64(10), np.int64(9))",RIGHT,"(10, 10)",1,0.1
"(np.int64(10), np.int64(9))",RIGHT,"(10, 8)",0,0.1
"(np.int64(10), np.int64(9))",DOWN,"(10, 8)",0,0.8
"(np.int64(10), np.int64(9))",DOWN,"(9, 9)",0,0.1
"(np.int64(10), np.int64(9))",DOWN,"(10, 9)",0,0.1
"(np.int64(10), np.int64(9))",UP,"(10, 10)",1,0.8
"(np.int64(10), np.int64(9))",UP,"(9, 9)",0,0.1
"(np.int64(10), np.int64(9))",UP,"(10, 9)",0,0.1
"(np.int64(0), np.int64(8))",LEFT,"(0, 8)",0,0.8
"(np.int64(0), np.int64(8))",LEFT,"(0, 9)",0,0.1
"(np.int64(0), np.int64(8))",LEFT,"(0, 7)",0,0.1
"(np.int64(0), np.int64(8))",RIGHT,"(1, 8)",0,0.8
"(np.int64(0), np.int64(8))",RIGHT,"(0, 9)",0,0.1
"(np.int64(0), np.int64(8))",RIGHT,"(0, 7)",0,0.1
"(np.int64(0), np.int64(8))",DOWN,"(0, 7)",0,0.8
"(np.int64(0), np.int64(8))",DOWN,"(0, 8)",0,0.1
"(np.int64(0), np.int64(8))",DOWN,"(1, 8)",0,0.1
"(np.int64(0), np.int64(8))",UP,"(0, 9)",0,0.8
"(np.int64(0), np.int64(8))",UP,"(0, 8)",0,0.1
"(np.int64(0), np.int64(8))",UP,"(1, 8)",0,0.1
"(np.int64(1), np.int64(8))",LEFT,"(0, 8)",0,0.8
"(np.int64(1), np.int64(8))",LEFT,"(1, 9)",0,0.1
"(np.int64(1), np.int64(8))",LEFT,"(1, 7)",0,0.1
"(np.int64(1), np.int64(8))",RIGHT,"(2, 8)",0,0.8
"(np.int64(1), np.int64(8))",RIGHT,"(1, 9)",0,0.1
"(np.int64(1), np.int64(8))",RIGHT,"(1, 7)",0,0.1
"(np.int64(1), np.int64(8))",DOWN,"(1, 7)",0,0.8
"(np.int64(1), np.int64(8))",DOWN,"(0, 8)",0,0.1
"(np.int64(1), np.int64(8))",DOWN,"(2, 8)",0,0.1
"(np.int64(1), np.int64(8))",UP,"(1, 9)",0,0.8
"(np.int64(1), np.int64(8))",UP,"(0, 8)",0,0.1
"(np.int64(1), np.int64(8))",UP,"(2, 8)",0,0.1
"(np.int64(2), np.int64(8))",LEFT,"(1, 8)",0,0.8
"(np.int64(2), np.int64(8))",LEFT,"(2, 9)",0,0.1
"(np.int64(2), np.int64(8))",LEFT,"(2, 7)",0,0.1
"(np.int64(2), np.int64(8))",RIGHT,"(3, 8)",0,0.8
"(np.int64(2), np.int64(8))",RIGHT,"(2, 9)",0,0.1
"(np.int64(2), np.int64(8))",RIGHT,"(2, 7)",0,0.1
"(np.int64(2), np.int64(8))",DOWN,"(2, 7)",0,0.8
"(np.int64(2), np.int64(8))",DOWN,"(1, 8)",0,0.1
"(np.int64(2), np.int64(8))",DOWN,"(3, 8)",0,0.1
"(np.int64(2), np.int64(8))",UP,"(2, 9)",0,0.8
"(np.int64(2), np.int64(8))",UP,"(1, 8)",0,0.1
"(np.int64(2), np.int64(8))",UP,"(3, 8)",0,0.1
"(np.int64(3), np.int64(8))",LEFT,"(2, 8)",0,0.8
"(np.int64(3), np.int64(8))",LEFT,"(3, 9)",0,0.1
"(np.int64(3), np.int64(8))",LEFT,"(3, 7)",0,0.1
"(np.int64(3), np.int64(8))",RIGHT,"(4, 8)",0,0.8
"(np.int64(3), np.int64(8))",RIGHT,"(3, 9)",0,0.1
"(np.int64(3), np.int64(8))",RIGHT,"(3, 7)",0,0.1
"(np.int64(3), np.int64(8))",DOWN,"(3, 7)",0,0.8
"(np.int64(3), np.int64(8))",DOWN,"(2, 8)",0,0.1
"(np.int64(3), np.int64(8))",DOWN,"(4, 8)",0,0.1
"(np.int64(3), np.int64(8))",UP,"(3, 9)",0,0.8
"(np.int64(3), np.int64(8))",UP,"(2, 8)",0,0.1
"(np.int64(3), np.int64(8))",UP,"(4, 8)",0,0.1
"(np.int64(4), np.int64(8))",LEFT,"(3, 8)",0,0.8
"(np.int64(4), np.int64(8))",LEFT,"(4, 9)",0,0.1
"(np.int64(4), np.int64(8))",LEFT,"(4, 7)",0,0.1
"(np.int64(4), np.int64(8))",RIGHT,"(5, 8)",0,0.8
"(np.int64(4), np.int64(8))",RIGHT,"(4, 9)",0,0.1
"(np.int64(4), np.int64(8))",RIGHT,"(4, 7)",0,0.1
"(np.int64(4), np.int64(8))",DOWN,"(4, 7)",0,0.8
"(np.int64(4), np.int64(8))",DOWN,"(3, 8)",0,0.1
"(np.int64(4), np.int64(8))",DOWN,"(5, 8)",0,0.1
"(np.int64(4), np.int64(8))",UP,"(4, 9)",0,0.8
"(np.int64(4), np.int64(8))",UP,"(3, 8)",0,0.1
"(np.int64(4), np.int64(8))",UP,"(5, 8)",0,0.1
"(np.int64(5), np.int64(8))",LEFT,"(4, 8)",0,0.8
"(np.int64(5), np.int64(8))",LEFT,"(5, 8)",0,0.1
"(np.int64(5), np.int64(8))",LEFT,"(5, 8)",0,0.1
"(np.int64(5), np.int64(8))",RIGHT,"(6, 8)",0,0.8
"(np.int64(5), np.int64(8))",RIGHT,"(5, 8)",0,0.1
"(np.int64(5), np.int64(8))",RIGHT,"(5, 8)",0,0.1
"(np.int64(5), np.int64(8))",DOWN,"(5, 8)",0,0.8
"(np.int64(5), np.int64(8))",DOWN,"(4, 8)",0,0.1
"(np.int64(5), np.int64(8))",DOWN,"(6, 8)",0,0.1
"(np.int64(5), np.int64(8))",UP,"(5, 8)",0,0.8
"(np.int64(5), np.int64(8))",UP,"(4, 8)",0,0.1
"(np.int64(5), np.int64(8))",UP,"(6, 8)",0,0.1
"(np.int64(6), np.int64(8))",LEFT,"(5, 8)",0,0.8
"(np.int64(6), np.int64(8))",LEFT,"(6, 9)",0,0.1
"(np.int64(6), np.int64(8))",LEFT,"(6, 7)",0,0.1
"(np.int64(6), np.int64(8))",RIGHT,"(7, 8)",0,0.8
"(np.int64(6), np.int64(8))",RIGHT,"(6, 9)",0,0.1
"(np.int64(6), np.int64(8))",RIGHT,"(6, 7)",0,0.1
"(np.int64(6), np.int64(8))",DOWN,"(6, 7)",0,0.8
"(np.int64(6), np.int64(8))",DOWN,"(5, 8)",0,0.1
"(np.int64(6), np.int64(8))",DOWN,"(7, 8)",0,0.1
"(np.int64(6), np.int64(8))",UP,"(6, 9)",0,0.8
"(np.int64(6), np.int64(8))",UP,"(5, 8)",0,0.1
"(np.int64(6), np.int64(8))",UP,"(7, 8)",0,0.1
"(np.int64(7), np.int64(8))",LEFT,"(6, 8)",0,0.8
"(np.int64(7), np.int64(8))",LEFT,"(7, 9)",0,0.1
"(np.int64(7), np.int64(8))",LEFT,"(7, 7)",0,0.1
"(np.int64(7), np.int64(8))",RIGHT,"(8, 8)",0,0.8
"(np.int64(7), np.int64(8))",RIGHT,"(7, 9)",0,0.1
"(np.int64(7), np.int64(8))",RIGHT,"(7, 7)",0,0.1
"(np.int64(7), np.int64(8))",DOWN,"(7, 7)",0,0.8
"(np.int64(7), np.int64(8))",DOWN,"(6, 8)",0,0.1
"(np.int64(7), np.int64(8))",DOWN,"(8, 8)",0,0.1
"(np.int64(7), np.int64(8))",UP,"(7, 9)",0,0.8
"(np.int64(7), np.int64(8))",UP,"(6, 8)",0,0.1
"(np.int64(7), np.int64(8))",UP,"(8, 8)",0,0.1
"(np.int64(8), np.int64(8))",LEFT,"(7, 8)",0,0.8
"(np.int64(8), np.int64(8))",LEFT,"(8, 9)",0,0.1
"(np.int64(8), np.int64(8))",LEFT,"(8, 7)",0,0.1
"(np.int64(8), np.int64(8))",RIGHT,"(9, 8)",0,0.8
"(np.int64(8), np.int64(8))",RIGHT,"(8, 9)",0,0.1
"(np.int64(8), np.int64(8))",RIGHT,"(8, 7)",0,0.1
"(np.int64(8), np.int64(8))",DOWN,"(8, 7)",0,0.8
"(np.int64(8), np.int64(8))",DOWN,"(7, 8)",0,0.1
"(np.int64(8), np.int64(8))",DOWN,"(9, 8)",0,0.1
"(np.int64(8), np.int64(8))",UP,"(8, 9)",0,0.8
"(np.int64(8), np.int64(8))",UP,"(7, 8)",0,0.1
"(np.int64(8), np.int64(8))",UP,"(9, 8)",0,0.1
"(np.int64(9), np.int64(8))",LEFT,"(8, 8)",0,0.8
"(np.int64(9), np.int64(8))",LEFT,"(9, 9)",0,0.1
"(np.int64(9), np.int64(8))",LEFT,"(9, 7)",0,0.1
"(np.int64(9), np.int64(8))",RIGHT,"(10, 8)",0,0.8
"(np.int64(9), np.int64(8))",RIGHT,"(9, 9)",0,0.1
"(np.int64(9), np.int64(8))",RIGHT,"(9, 7)",0,0.1
"(np.int64(9), np.int64(8))",DOWN,"(9, 7)",0,0.8
"(np.int64(9), np.int64(8))",DOWN,"(8, 8)",0,0.1
"(np.int64(9), np.int64(8))",DOWN,"(10, 8)",0,0.1
"(np.int64(9), np.int64(8))",UP,"(9, 9)",0,0.8
"(np.int64(9), np.int64(8))",UP,"(8, 8)",0,0.1
"(np.int64(9), np.int64(8))",UP,"(10, 8)",0,0.1
"(np.int64(10), np.int64(8))",LEFT,"(9, 8)",0,0.8
"(np.int64(10), np.int64(8))",LEFT,"(10, 9)",0,0.1
"(np.int64(10), np.int64(8))",LEFT,"(10, 7)",0,0.1
"(np.int64(10), np.int64(8))",RIGHT,"(10, 8)",0,0.8
"(np.int64(10), np.int64(8))",RIGHT,"(10, 9)",0,0.1
"(np.int64(10), np.int64(8))",RIGHT,"(10, 7)",0,0.1
"(np.int64(10), np.int64(8))",DOWN,"(10, 7)",0,0.8
"(np.int64(10), np.int64(8))",DOWN,"(9, 8)",0,0.1
"(np.int64(10), np.int64(8))",DOWN,"(10, 8)",0,0.1
"(np.int64(10), np.int64(8))",UP,"(10, 9)",0,0.8
"(np.int64(10), np.int64(8))",UP,"(9, 8)",0,0.1
"(np.int64(10), np.int64(8))",UP,"(10, 8)",0,0.1
"(np.int64(0), np.int64(7))",LEFT,"(0, 7)",0,0.8
"(np.int64(0), np.int64(7))",LEFT,"(0, 8)",0,0.1
"(np.int64(0), np.int64(7))",LEFT,"(0, 6)",0,0.1
"(np.int64(0), np.int64(7))",RIGHT,"(1, 7)",0,0.8
"(np.int64(0), np.int64(7))",RIGHT,"(0, 8)",0,0.1
"(np.int64(0), np.int64(7))",RIGHT,"(0, 6)",0,0.1
"(np.int64(0), np.int64(7))",DOWN,"(0, 6)",0,0.8
"(np.int64(0), np.int64(7))",DOWN,"(0, 7)",0,0.1
"(np.int64(0), np.int64(7))",DOWN,"(1, 7)",0,0.1
"(np.int64(0), np.int64(7))",UP,"(0, 8)",0,0.8
"(np.int64(0), np.int64(7))",UP,"(0, 7)",0,0.1
"(np.int64(0), np.int64(7))",UP,"(1, 7)",0,0.1
"(np.int64(1), np.int64(7))",LEFT,"(0, 7)",0,0.8
"(np.int64(1), np.int64(7))",LEFT,"(1, 8)",0,0.1
"(np.int64(1), np.int64(7))",LEFT,"(1, 6)",0,0.1
"(np.int64(1), np.int64(7))",RIGHT,"(2, 7)",0,0.8
"(np.int64(1), np.int64(7))",RIGHT,"(1, 8)",0,0.1
"(np.int64(1), np.int64(7))",RIGHT,"(1, 6)",0,0.1
"(np.int64(1), np.int64(7))",DOWN,"(1, 6)",0,0.8
"(np.int64(1), np.int64(7))",DOWN,"(0, 7)",0,0.1
"(np.int64(1), np.int64(7))",DOWN,"(2, 7)",0,0.1
"(np.int64(1), np.int64(7))",UP,"(1, 8)",0,0.8
"(np.int64(1), np.int64(7))",UP,"(0, 7)",0,0.1
"(np.int64(1), np.int64(7))",UP,"(2, 7)",0,0.1
"(np.int64(2), np.int64(7))",LEFT,"(1, 7)",0,0.8
"(np.int64(2), np.int64(7))",LEFT,"(2, 8)",0,0.1
"(np.int64(2), np.int64(7))",LEFT,"(2, 6)",0,0.1
"(np.int64(2), np.int64(7))",RIGHT,"(3, 7)",0,0.8
"(np.int64(2), np.int64(7))",RIGHT,"(2, 8)",0,0.1
"(np.int64(2), np.int64(7))",RIGHT,"(2, 6)",0,0.1
"(np.int64(2), np.int64(7))",DOWN,"(2, 6)",0,0.8
"(np.int64(2), np.int64(7))",DOWN,"(1, 7)",0,0.1
"(np.int64(2), np.int64(7))",DOWN,"(3, 7)",0,0.1
"(np.int64(2), np.int64(7))",UP,"(2, 8)",0,0.8
"(np.int64(2), np.int64(7))",UP,"(1, 7)",0,0.1
"(np.int64(2), np.int64(7))",UP,"(3, 7)",0,0.1
"(np.int64(3), np.int64(7))",LEFT,"(2, 7)",0,0.8
"(np.int64(3), np.int64(7))",LEFT,"(3, 8)",0,0.1
"(np.int64(3), np.int64(7))",LEFT,"(3, 6)",0,0.1
"(np.int64(3), np.int64(7))",RIGHT,"(4, 7)",0,0.8
"(np.int64(3), np.int64(7))",RIGHT,"(3, 8)",0,0.1
"(np.int64(3), np.int64(7))",RIGHT,"(3, 6)",0,0.1
"(np.int64(3), np.int64(7))",DOWN,"(3, 6)",0,0.8
"(np.int64(3), np.int64(7))",DOWN,"(2, 7)",0,0.1
"(np.int64(3), np.int64(7))",DOWN,"(4, 7)",0,0.1
"(np.int64(3), np.int64(7))",UP,"(3, 8)",0,0.8
"(np.int64(3), np.int64(7))",UP,"(2, 7)",0,0.1
"(np.int64(3), np.int64(7))",UP,"(4, 7)",0,0.1
"(np.int64(4), np.int64(7))",LEFT,"(3, 7)",0,0.8
"(np.int64(4), np.int64(7))",LEFT,"(4, 8)",0,0.1
"(np.int64(4), np.int64(7))",LEFT,"(4, 6)",0,0.1
"(np.int64(4), np.int64(7))",RIGHT,"(4, 7)",0,0.8
"(np.int64(4), np.int64(7))",RIGHT,"(4, 8)",0,0.1
"(np.int64(4), np.int64(7))",RIGHT,"(4, 6)",0,0.1
"(np.int64(4), np.int64(7))",DOWN,"(4, 6)",0,0.8
"(np.int64(4), np.int64(7))",DOWN,"(3, 7)",0,0.1
"(np.int64(4), np.int64(7))",DOWN,"(4, 7)",0,0.1
"(np.int64(4), np.int64(7))",UP,"(4, 8)",0,0.8
"(np.int64(4), np.int64(7))",UP,"(3, 7)",0,0.1
"(np.int64(4), np.int64(7))",UP,"(4, 7)",0,0.1
"(np.int64(6), np.int64(7))",LEFT,"(6, 7)",0,0.8
"(np.int64(6), np.int64(7))",LEFT,"(6, 8)",0,0.1
"(np.int64(6), np.int64(7))",LEFT,"(6, 6)",0,0.1
"(np.int64(6), np.int64(7))",RIGHT,"(7, 7)",0,0.8
"(np.int64(6), np.int64(7))",RIGHT,"(6, 8)",0,0.1
"(np.int64(6), np.int64(7))",RIGHT,"(6, 6)",0,0.1
"(np.int64(6), np.int64(7))",DOWN,"(6, 6)",0,0.8
"(np.int64(6), np.int64(7))",DOWN,"(6, 7)",0,0.1
"(np.int64(6), np.int64(7))",DOWN,"(7, 7)",0,0.1
"(np.int64(6), np.int64(7))",UP,"(6, 8)",0,0.8
"(np.int64(6), np.int64(7))",UP,"(6, 7)",0,0.1
"(np.int64(6), np.int64(7))",UP,"(7, 7)",0,0.1
"(np.int64(7), np.int64(7))",LEFT,"(6, 7)",0,0.8
"(np.int64(7), np.int64(7))",LEFT,"(7, 8)",0,0.1
"(np.int64(7), np.int64(7))",LEFT,"(7, 6)",0,0.1
"(np.int64(7), np.int64(7))",RIGHT,"(8, 7)",0,0.8
"(np.int64(7), np.int64(7))",RIGHT,"(7, 8)",0,0.1
"(np.int64(7), np.int64(7))",RIGHT,"(7, 6)",0,0.1
"(np.int64(7), np.int64(7))",DOWN,"(7, 6)",0,0.8
"(np.int64(7), np.int64(7))",DOWN,"(6, 7)",0,0.1
"(np.int64(7), np.int64(7))",DOWN,"(8, 7)",0,0.1
"(np.int64(7), np.int64(7))",UP,"(7, 8)",0,0.8
"(np.int64(7), np.int64(7))",UP,"(6, 7)",0,0.1
"(np.int64(7), np.int64(7))",UP,"(8, 7)",0,0.1
"(np.int64(8), np.int64(7))",LEFT,"(7, 7)",0,0.8
"(np.int64(8), np.int64(7))",LEFT,"(8, 8)",0,0.1
"(np.int64(8), np.int64(7))",LEFT,"(8, 6)",0,0.1
"(np.int64(8), np.int64(7))",RIGHT,"(9, 7)",0,0.8
"(np.int64(8), np.int64(7))",RIGHT,"(8, 8)",0,0.1
"(np.int64(8), np.int64(7))",RIGHT,"(8, 6)",0,0.1
"(np.int64(8), np.int64(7))",DOWN,"(8, 6)",0,0.8
"(np.int64(8), np.int64(7))",DOWN,"(7, 7)",0,0.1
"(np.int64(8), np.int64(7))",DOWN,"(9, 7)",0,0.1
"(np.int64(8), np.int64(7))",UP,"(8, 8)",0,0.8
"(np.int64(8), np.int64(7))",UP,"(7, 7)",0,0.1
"(np.int64(8), np.int64(7))",UP,"(9, 7)",0,0.1
"(np.int64(9), np.int64(7))",LEFT,"(8, 7)",0,0.8
"(np.int64(9), np.int64(7))",LEFT,"(9, 8)",0,0.1
"(np.int64(9), np.int64(7))",LEFT,"(9, 6)",0,0.1
"(np.int64(9), np.int64(7))",RIGHT,"(10, 7)",0,0.8
"(np.int64(9), np.int64(7))",RIGHT,"(9, 8)",0,0.1
"(np.int64(9), np.int64(7))",RIGHT,"(9, 6)",0,0.1
"(np.int64(9), np.int64(7))",DOWN,"(9, 6)",0,0.8
"(np.int64(9), np.int64(7))",DOWN,"(8, 7)",0,0.1
"(np.int64(9), np.int64(7))",DOWN,"(10, 7)",0,0.1
"(np.int64(9), np.int64(7))",UP,"(9, 8)",0,0.8
"(np.int64(9), np.int64(7))",UP,"(8, 7)",0,0.1
"(np.int64(9), np.int64(7))",UP,"(10, 7)",0,0.1
"(np.int64(10), np.int64(7))",LEFT,"(9, 7)",0,0.8
"(np.int64(10), np.int64(7))",LEFT,"(10, 8)",0,0.1
"(np.int64(10), np.int64(7))",LEFT,"(10, 6)",0,0.1
"(np.int64(10), np.int64(7))",RIGHT,"(10, 7)",0,0.8
"(np.int64(10), np.int64(7))",RIGHT,"(10, 8)",0,0.1
"(np.int64(10), np.int64(7))",RIGHT,"(10, 6)",0,0.1
"(np.int64(10), np.int64(7))",DOWN,"(10, 6)",0,0.8
"(np.int64(10), np.int64(7))",DOWN,"(9, 7)",0,0.1
"(np.int64(10), np.int64(7))",DOWN,"(10, 7)",0,0.1
"(np.int64(10), np.int64(7))",UP,"(10, 8)",0,0.8
"(np.int64(10), np.int64(7))",UP,"(9, 7)",0,0.1
"(np.int64(10), np.int64(7))",UP,"(10, 7)",0,0.1
"(np.int64(0), np.int64(6))",LEFT,"(0, 6)",0,0.8
"(np.int64(0), np.int64(6))",LEFT,"(0, 7)",0,0.1
"(np.int64(0), np.int64(6))",LEFT,"(0, 6)",0,0.1
"(np.int64(0), np.int64(6))",RIGHT,"(1, 6)",0,0.8
"(np.int64(0), np.int64(6))",RIGHT,"(0, 7)",0,0.1
"(np.int64(0), np.int64(6))",RIGHT,"(0, 6)",0,0.1
"(np.int64(0), np.int64(6))",DOWN,"(0, 6)",0,0.8
"(np.int64(0), np.int64(6))",DOWN,"(0, 6)",0,0.1
"(np.int64(0), np.int64(6))",DOWN,"(1, 6)",0,0.1
"(np.int64(0), np.int64(6))",UP,"(0, 7)",0,0.8
"(np.int64(0), np.int64(6))",UP,"(0, 6)",0,0.1
"(np.int64(0), np.int64(6))",UP,"(1, 6)",0,0.1
"(np.int64(1), np.int64(6))",LEFT,"(0, 6)",0,0.8
"(np.int64(1), np.int64(6))",LEFT,"(1, 7)",0,0.1
"(np.int64(1), np.int64(6))",LEFT,"(1, 5)",0,0.1
"(np.int64(1), np.int64(6))",RIGHT,"(2, 6)",0,0.8
"(np.int64(1), np.int64(6))",RIGHT,"(1, 7)",0,0.1
"(np.int64(1), np.int64(6))",RIGHT,"(1, 5)",0,0.1
"(np.int64(1), np.int64(6))",DOWN,"(1, 5)",0,0.8
"(np.int64(1), np.int64(6))",DOWN,"(0, 6)",0,0.1
"(np.int64(1), np.int64(6))",DOWN,"(2, 6)",0,0.1
"(np.int64(1), np.int64(6))",UP,"(1, 7)",0,0.8
"(np.int64(1), np.int64(6))",UP,"(0, 6)",0,0.1
"(np.int64(1), np.int64(6))",UP,"(2, 6)",0,0.1
"(np.int64(2), np.int64(6))",LEFT,"(1, 6)",0,0.8
"(np.int64(2), np.int64(6))",LEFT,"(2, 7)",0,0.1
"(np.int64(2), np.int64(6))",LEFT,"(2, 6)",0,0.1
"(np.int64(2), np.int64(6))",RIGHT,"(3, 6)",0,0.8
"(np.int64(2), np.int64(6))",RIGHT,"(2, 7)",0,0.1
"(np.int64(2), np.int64(6))",RIGHT,"(2, 6)",0,0.1
"(np.int64(2), np.int64(6))",DOWN,"(2, 6)",0,0.8
"(np.int64(2), np.int64(6))",DOWN,"(1, 6)",0,0.1
"(np.int64(2), np.int64(6))",DOWN,"(3, 6)",0,0.1
"(np.int64(2), np.int64(6))",UP,"(2, 7)",0,0.8
"(np.int64(2), np.int64(6))",UP,"(1, 6)",0,0.1
"(np.int64(2), np.int64(6))",UP,"(3, 6)",0,0.1
"(np.int64(3), np.int64(6))",LEFT,"(2, 6)",0,0.8
"(np.int64(3), np.int64(6))",LEFT,"(3, 7)",0,0.1
"(np.int64(3), np.int64(6))",LEFT,"(3, 6)",0,0.1
"(np.int64(3), np.int64(6))",RIGHT,"(4, 6)",0,0.8
"(np.int64(3), np.int64(6))",RIGHT,"(3, 7)",0,0.1
"(np.int64(3), np.int64(6))",RIGHT,"(3, 6)",0,0.1
"(np.int64(3), np.int64(6))",DOWN,"(3, 6)",0,0.8
"(np.int64(3), np.int64(6))",DOWN,"(2, 6)",0,0.1
"(np.int64(3), np.int64(6))",DOWN,"(4, 6)",0,0.1
"(np.int64(3), np.int64(6))",UP,"(3, 7)",0,0.8
"(np.int64(3), np.int64(6))",UP,"(2, 6)",0,0.1
"(np.int64(3), np.int64(6))",UP,"(4, 6)",0,0.1
"(np.int64(4), np.int64(6))",LEFT,"(3, 6)",0,0.8
"(np.int64(4), np.int64(6))",LEFT,"(4, 7)",0,0.1
"(np.int64(4), np.int64(6))",LEFT,"(4, 6)",0,0.1
"(np.int64(4), np.int64(6))",RIGHT,"(4, 6)",0,0.8
"(np.int64(4), np.int64(6))",RIGHT,"(4, 7)",0,0.1
"(np.int64(4), np.int64(6))",RIGHT,"(4, 6)",0,0.1
"(np.int64(4), np.int64(6))",DOWN,"(4, 6)",0,0.8
"(np.int64(4), np.int64(6))",DOWN,"(3, 6)",0,0.1
"(np.int64(4), np.int64(6))",DOWN,"(4, 6)",0,0.1
"(np.int64(4), np.int64(6))",UP,"(4, 7)",0,0.8
"(np.int64(4), np.int64(6))",UP,"(3, 6)",0,0.1
"(np.int64(4), np.int64(6))",UP,"(4, 6)",0,0.1
"(np.int64(6), np.int64(6))",LEFT,"(6, 6)",0,0.8
"(np.int64(6), np.int64(6))",LEFT,"(6, 7)",0,0.1
"(np.int64(6), np.int64(6))",LEFT,"(6, 5)",0,0.1
"(np.int64(6), np.int64(6))",RIGHT,"(7, 6)",0,0.8
"(np.int64(6), np.int64(6))",RIGHT,"(6, 7)",0,0.1
"(np.int64(6), np.int64(6))",RIGHT,"(6, 5)",0,0.1
"(np.int64(6), np.int64(6))",DOWN,"(6, 5)",0,0.8
"(np.int64(6), np.int64(6))",DOWN,"(6, 6)",0,0.1
"(np.int64(6), np.int64(6))",DOWN,"(7, 6)",0,0.1
"(np.int64(6), np.int64(6))",UP,"(6, 7)",0,0.8
"(np.int64(6), np.int64(6))",UP,"(6, 6)",0,0.1
"(np.int64(6), np.int64(6))",UP,"(7, 6)",0,0.1
"(np.int64(7), np.int64(6))",LEFT,"(6, 6)",0,0.8
"(np.int64(7), np.int64(6))",LEFT,"(7, 7)",0,0.1
"(np.int64(7), np.int64(6))",LEFT,"(7, 5)",0,0.1
"(np.int64(7), np.int64(6))",RIGHT,"(8, 6)",0,0.8
"(np.int64(7), np.int64(6))",RIGHT,"(7, 7)",0,0.1
"(np.int64(7), np.int64(6))",RIGHT,"(7, 5)",0,0.1
"(np.int64(7), np.int64(6))",DOWN,"(7, 5)",0,0.8
"(np.int64(7), np.int64(6))",DOWN,"(6, 6)",0,0.1
"(np.int64(7), np.int64(6))",DOWN,"(8, 6)",0,0.1
"(np.int64(7), np.int64(6))",UP,"(7, 7)",0,0.8
"(np.int64(7), np.int64(6))",UP,"(6, 6)",0,0.1
"(np.int64(7), np.int64(6))",UP,"(8, 6)",0,0.1
"(np.int64(8), np.int64(6))",LEFT,"(7, 6)",0,0.8
"(np.int64(8), np.int64(6))",LEFT,"(8, 7)",0,0.1
"(np.int64(8), np.int64(6))",LEFT,"(8, 5)",0,0.1
"(np.int64(8), np.int64(6))",RIGHT,"(9, 6)",0,0.8
"(np.int64(8), np.int64(6))",RIGHT,"(8, 7)",0,0.1
"(np.int64(8), np.int64(6))",RIGHT,"(8, 5)",0,0.1
"(np.int64(8), np.int64(6))",DOWN,"(8, 5)",0,0.8
"(np.int64(8), np.int64(6))",DOWN,"(7, 6)",0,0.1
"(np.int64(8), np.int64(6))",DOWN,"(9, 6)",0,0.1
"(np.int64(8), np.int64(6))",UP,"(8, 7)",0,0.8
"(np.int64(8), np.int64(6))",UP,"(7, 6)",0,0.1
"(np.int64(8), np.int64(6))",UP,"(9, 6)",0,0.1
"(np.int64(9), np.int64(6))",LEFT,"(8, 6)",0,0.8
"(np.int64(9), np.int64(6))",LEFT,"(9, 7)",0,0.1
"(np.int64(9), np.int64(6))",LEFT,"(9, 5)",0,0.1
"(np.int64(9), np.int64(6))",RIGHT,"(10, 6)",0,0.8
"(np.int64(9), np.int64(6))",RIGHT,"(9, 7)",0,0.1
"(np.int64(9), np.int64(6))",RIGHT,"(9, 5)",0,0.1
"(np.int64(9), np.int64(6))",DOWN,"(9, 5)",0,0.8
"(np.int64(9), np.int64(6))",DOWN,"(8, 6)",0,0.1
"(np.int64(9), np.int64(6))",DOWN,"(10, 6)",0,0.1
"(np.int64(9), np.int64(6))",UP,"(9, 7)",0,0.8
"(np.int64(9), np.int64(6))",UP,"(8, 6)",0,0.1
"(np.int64(9), np.int64(6))",UP,"(10, 6)",0,0.1
"(np.int64(10), np.int64(6))",LEFT,"(9, 6)",0,0.8
"(np.int64(10), np.int64(6))",LEFT,"(10, 7)",0,0.1
"(np.int64(10), np.int64(6))",LEFT,"(10, 5)",0,0.1
"(np.int64(10), np.int64(6))",RIGHT,"(10, 6)",0,0.8
"(np.int64(10), np.int64(6))",RIGHT,"(10, 7)",0,0.1
"(np.int64(10), np.int64(6))",RIGHT,"(10, 5)",0,0.1
"(np.int64(10), np.int64(6))",DOWN,"(10, 5)",0,0.8
"(np.int64(10), np.int64(6))",DOWN,"(9, 6)",0,0.1
"(np.int64(10), np.int64(6))",DOWN,"(10, 6)",0,0.1
"(np.int64(10), np.int64(6))",UP,"(10, 7)",0,0.8
"(np.int64(10), np.int64(6))",UP,"(9, 6)",0,0.1
"(np.int64(10), np.int64(6))",UP,"(10, 6)",0,0.1
"(np.int64(1), np.int64(5))",LEFT,"(1, 5)",0,0.8
"(np.int64(1), np.int64(5))",LEFT,"(1, 6)",0,0.1
"(np.int64(1), np.int64(5))",LEFT,"(1, 4)",0,0.1
"(np.int64(1), np.int64(5))",RIGHT,"(1, 5)",0,0.8
"(np.int64(1), np.int64(5))",RIGHT,"(1, 6)",0,0.1
"(np.int64(1), np.int64(5))",RIGHT,"(1, 4)",0,0.1
"(np.int64(1), np.int64(5))",DOWN,"(1, 4)",0,0.8
"(np.int64(1), np.int64(5))",DOWN,"(1, 5)",0,0.1
"(np.int64(1), np.int64(5))",DOWN,"(1, 5)",0,0.1
"(np.int64(1), np.int64(5))",UP,"(1, 6)",0,0.8
"(np.int64(1), np.int64(5))",UP,"(1, 5)",0,0.1
"(np.int64(1), np.int64(5))",UP,"(1, 5)",0,0.1
"(np.int64(6), np.int64(5))",LEFT,"(6, 5)",0,0.8
"(np.int64(6), np.int64(5))",LEFT,"(6, 6)",0,0.1
"(np.int64(6), np.int64(5))",LEFT,"(6, 5)",0,0.1
"(np.int64(6), np.int64(5))",RIGHT,"(7, 5)",0,0.8
"(np.int64(6), np.int64(5))",RIGHT,"(6, 6)",0,0.1
"(np.int64(6), np.int64(5))",RIGHT,"(6, 5)",0,0.1
"(np.int64(6), np.int64(5))",DOWN,"(6, 5)",0,0.8
"(np.int64(6), np.int64(5))",DOWN,"(6, 5)",0,0.1
"(np.int64(6), np.int64(5))",DOWN,"(7, 5)",0,0.1
"(np.int64(6), np.int64(5))",UP,"(6, 6)",0,0.8
"(np.int64(6), np.int64(5))",UP,"(6, 5)",0,0.1
"(np.int64(6), np.int64(5))",UP,"(7, 5)",0,0.1
"(np.int64(7), np.int64(5))",LEFT,"(6, 5)",0,0.8
"(np.int64(7), np.int64(5))",LEFT,"(7, 6)",0,0.1
"(np.int64(7), np.int64(5))",LEFT,"(7, 5)",0,0.1
"(np.int64(7), np.int64(5))",RIGHT,"(8, 5)",0,0.8
"(np.int64(7), np.int64(5))",RIGHT,"(7, 6)",0,0.1
"(np.int64(7), np.int64(5))",RIGHT,"(7, 5)",0,0.1
"(np.int64(7), np.int64(5))",DOWN,"(7, 5)",0,0.8
"(np.int64(7), np.int64(5))",DOWN,"(6, 5)",0,0.1
"(np.int64(7), np.int64(5))",DOWN,"(8, 5)",0,0.1
"(np.int64(7), np.int64(5))",UP,"(7, 6)",0,0.8
"(np.int64(7), np.int64(5))",UP,"(6, 5)",0,0.1
"(np.int64(7), np.int64(5))",UP,"(8, 5)",0,0.1
"(np.int64(8), np.int64(5))",LEFT,"(7, 5)",0,0.8
"(np.int64(8), np.int64(5))",LEFT,"(8, 6)",0,0.1
"(np.int64(8), np.int64(5))",LEFT,"(8, 4)",0,0.1
"(np.int64(8), np.int64(5))",RIGHT,"(9, 5)",0,0.8
"(np.int64(8), np.int64(5))",RIGHT,"(8, 6)",0,0.1
"(np.int64(8), np.int64(5))",RIGHT,"(8, 4)",0,0.1
"(np.int64(8), np.int64(5))",DOWN,"(8, 4)",0,0.8
"(np.int64(8), np.int64(5))",DOWN,"(7, 5)",0,0.1
"(np.int64(8), np.int64(5))",DOWN,"(9, 5)",0,0.1
"(np.int64(8), np.int64(5))",UP,"(8, 6)",0,0.8
"(np.int64(8), np.int64(5))",UP,"(7, 5)",0,0.1
"(np.int64(8), np.int64(5))",UP,"(9, 5)",0,0.1
"(np.int64(9), np.int64(5))",LEFT,"(8, 5)",0,0.8
"(np.int64(9), np.int64(5))",LEFT,"(9, 6)",0,0.1
"(np.int64(9), np.int64(5))",LEFT,"(9, 5)",0,0.1
"(np.int64(9), np.int64(5))",RIGHT,"(10, 5)",0,0.8
"(np.int64(9), np.int64(5))",RIGHT,"(9, 6)",0,0.1
"(np.int64(9), np.int64(5))",RIGHT,"(9, 5)",0,0.1
"(np.int64(9), np.int64(5))",DOWN,"(9, 5)",0,0.8
"(np.int64(9), np.int64(5))",DOWN,"(8, 5)",0,0.1
"(np.int64(9), np.int64(5))",DOWN,"(10, 5)",0,0.1
"(np.int64(9), np.int64(5))",UP,"(9, 6)",0,0.8
"(np.int64(9), np.int64(5))",UP,"(8, 5)",0,0.1
"(np.int64(9), np.int64(5))",UP,"(10, 5)",0,0.1
"(np.int64(10), np.int64(5))",LEFT,"(9, 5)",0,0.8
"(np.int64(10), np.int64(5))",LEFT,"(10, 6)",0,0.1
"(np.int64(10), np.int64(5))",LEFT,"(10, 5)",0,0.1
"(np.int64(10), np.int64(5))",RIGHT,"(10, 5)",0,0.8
"(np.int64(10), np.int64(5))",RIGHT,"(10, 6)",0,0.1
"(np.int64(10), np.int64(5))",RIGHT,"(10, 5)",0,0.1
"(np.int64(10), np.int64(5))",DOWN,"(10, 5)",0,0.8
"(np.int64(10), np.int64(5))",DOWN,"(9, 5)",0,0.1
"(np.int64(10), np.int64(5))",DOWN,"(10, 5)",0,0.1
"(np.int64(10), np.int64(5))",UP,"(10, 6)",0,0.8
"(np.int64(10), np.int64(5))",UP,"(9, 5)",0,0.1
"(np.int64(10), np.int64(5))",UP,"(10, 5)",0,0.1
"(np.int64(0), np.int64(4))",LEFT,"(0, 4)",0,0.8
"(np.int64(0), np.int64(4))",LEFT,"(0, 4)",0,0.1
"(np.int64(0), np.int64(4))",LEFT,"(0, 3)",0,0.1
"(np.int64(0), np.int64(4))",RIGHT,"(1, 4)",0,0.8
"(np.int64(0), np.int64(4))",RIGHT,"(0, 4)",0,0.1
"(np.int64(0), np.int64(4))",RIGHT,"(0, 3)",0,0.1
"(np.int64(0), np.int64(4))",DOWN,"(0, 3)",0,0.8
"(np.int64(0), np.int64(4))",DOWN,"(0, 4)",0,0.1
"(np.int64(0), np.int64(4))",DOWN,"(1, 4)",0,0.1
"(np.int64(0), np.int64(4))",UP,"(0, 4)",0,0.8
"(np.int64(0), np.int64(4))",UP,"(0, 4)",0,0.1
"(np.int64(0), np.int64(4))",UP,"(1, 4)",0,0.1
"(np.int64(1), np.int64(4))",LEFT,"(0, 4)",0,0.8
"(np.int64(1), np.int64(4))",LEFT,"(1, 5)",0,0.1
"(np.int64(1), np.int64(4))",LEFT,"(1, 3)",0,0.1
"(np.int64(1), np.int64(4))",RIGHT,"(2, 4)",0,0.8
"(np.int64(1), np.int64(4))",RIGHT,"(1, 5)",0,0.1
"(np.int64(1), np.int64(4))",RIGHT,"(1, 3)",0,0.1
"(np.int64(1), np.int64(4))",DOWN,"(1, 3)",0,0.8
"(np.int64(1), np.int64(4))",DOWN,"(0, 4)",0,0.1
"(np.int64(1), np.int64(4))",DOWN,"(2, 4)",0,0.1
"(np.int64(1), np.int64(4))",UP,"(1, 5)",0,0.8
"(np.int64(1), np.int64(4))",UP,"(0, 4)",0,0.1
"(np.int64(1), np.int64(4))",UP,"(2, 4)",0,0.1
"(np.int64(2), np.int64(4))",LEFT,"(1, 4)",0,0.8
"(np.int64(2), np.int64(4))",LEFT,"(2, 4)",0,0.1
"(np.int64(2), np.int64(4))",LEFT,"(2, 3)",0,0.1
"(np.int64(2), np.int64(4))",RIGHT,"(3, 4)",0,0.8
"(np.int64(2), np.int64(4))",RIGHT,"(2, 4)",0,0.1
"(np.int64(2), np.int64(4))",RIGHT,"(2, 3)",0,0.1
"(np.int64(2), np.int64(4))",DOWN,"(2, 3)",0,0.8
"(np.int64(2), np.int64(4))",DOWN,"(1, 4)",0,0.1
"(np.int64(2), np.int64(4))",DOWN,"(3, 4)",0,0.1
"(np.int64(2), np.int64(4))",UP,"(2, 4)",0,0.8
"(np.int64(2), np.int64(4))",UP,"(1, 4)",0,0.1
"(np.int64(2), np.int64(4))",UP,"(3, 4)",0,0.1
"(np.int64(3), np.int64(4))",LEFT,"(2, 4)",0,0.8
"(np.int64(3), np.int64(4))",LEFT,"(3, 4)",0,0.1
"(np.int64(3), np.int64(4))",LEFT,"(3, 3)",0,0.1
"(np.int64(3), np.int64(4))",RIGHT,"(4, 4)",0,0.8
"(np.int64(3), np.int64(4))",RIGHT,"(3, 4)",0,0.1
"(np.int64(3), np.int64(4))",RIGHT,"(3, 3)",0,0.1
"(np.int64(3), np.int64(4))",DOWN,"(3, 3)",0,0.8
"(np.int64(3), np.int64(4))",DOWN,"(2, 4)",0,0.1
"(np.int64(3), np.int64(4))",DOWN,"(4, 4)",0,0.1
"(np.int64(3), np.int64(4))",UP,"(3, 4)",0,0.8
"(np.int64(3), np.int64(4))",UP,"(2, 4)",0,0.1
"(np.int64(3), np.int64(4))",UP,"(4, 4)",0,0.1
"(np.int64(4), np.int64(4))",LEFT,"(3, 4)",0,0.8
"(np.int64(4), np.int64(4))",LEFT,"(4, 4)",0,0.1
"(np.int64(4), np.int64(4))",LEFT,"(4, 3)",0,0.1
"(np.int64(4), np.int64(4))",RIGHT,"(4, 4)",0,0.8
"(np.int64(4), np.int64(4))",RIGHT,"(4, 4)",0,0.1
"(np.int64(4), np.int64(4))",RIGHT,"(4, 3)",0,0.1
"(np.int64(4), np.int64(4))",DOWN,"(4, 3)",0,0.8
"(np.int64(4), np.int64(4))",DOWN,"(3, 4)",0,0.1
"(np.int64(4), np.int64(4))",DOWN,"(4, 4)",0,0.1
"(np.int64(4), np.int64(4))",UP,"(4, 4)",0,0.8
"(np.int64(4), np.int64(4))",UP,"(3, 4)",0,0.1
"(np.int64(4), np.int64(4))",UP,"(4, 4)",0,0.1
"(np.int64(8), np.int64(4))",LEFT,"(8, 4)",0,0.8
"(np.int64(8), np.int64(4))",LEFT,"(8, 5)",0,0.1
"(np.int64(8), np.int64(4))",LEFT,"(8, 3)",0,0.1
"(np.int64(8), np.int64(4))",RIGHT,"(8, 4)",0,0.8
"(np.int64(8), np.int64(4))",RIGHT,"(8, 5)",0,0.1
"(np.int64(8), np.int64(4))",RIGHT,"(8, 3)",0,0.1
"(np.int64(8), np.int64(4))",DOWN,"(8, 3)",0,0.8
"(np.int64(8), np.int64(4))",DOWN,"(8, 4)",0,0.1
"(np.int64(8), np.int64(4))",DOWN,"(8, 4)",0,0.1
"(np.int64(8), np.int64(4))",UP,"(8, 5)",0,0.8
"(np.int64(8), np.int64(4))",UP,"(8, 4)",0,0.1
"(np.int64(8), np.int64(4))",UP,"(8, 4)",0,0.1
"(np.int64(0), np.int64(3))",LEFT,"(0, 3)",0,0.8
"(np.int64(0), np.int64(3))",LEFT,"(0, 4)",0,0.1
"(np.int64(0), np.int64(3))",LEFT,"(0, 2)",0,0.1
"(np.int64(0), np.int64(3))",RIGHT,"(1, 3)",0,0.8
"(np.int64(0), np.int64(3))",RIGHT,"(0, 4)",0,0.1
"(np.int64(0), np.int64(3))",RIGHT,"(0, 2)",0,0.1
"(np.int64(0), np.int64(3))",DOWN,"(0, 2)",0,0.8
"(np.int64(0), np.int64(3))",DOWN,"(0, 3)",0,0.1
"(np.int64(0), np.int64(3))",DOWN,"(1, 3)",0,0.1
"(np.int64(0), np.int64(3))",UP,"(0, 4)",0,0.8
"(np.int64(0), np.int64(3))",UP,"(0, 3)",0,0.1
"(np.int64(0), np.int64(3))",UP,"(1, 3)",0,0.1
"(np.int64(1), np.int64(3))",LEFT,"(0, 3)",0,0.8
"(np.int64(1), np.int64(3))",LEFT,"(1, 4)",0,0.1
"(np.int64(1), np.int64(3))",LEFT,"(1, 2)",0,0.1
"(np.int64(1), np.int64(3))",RIGHT,"(2, 3)",0,0.8
"(np.int64(1), np.int64(3))",RIGHT,"(1, 4)",0,0.1
"(np.int64(1), np.int64(3))",RIGHT,"(1, 2)",0,0.1
"(np.int64(1), np.int64(3))",DOWN,"(1, 2)",0,0.8
"(np.int64(1), np.int64(3))",DOWN,"(0, 3)",0,0.1
"(np.int64(1), np.int64(3))",DOWN,"(2, 3)",0,0.1
"(np.int64(1), np.int64(3))",UP,"(1, 4)",0,0.8
"(np.int64(1), np.int64(3))",UP,"(0, 3)",0,0.1
"(np.int64(1), np.int64(3))",UP,"(2, 3)",0,0.1
"(np.int64(2), np.int64(3))",LEFT,"(1, 3)",0,0.8
"(np.int64(2), np.int64(3))",LEFT,"(2, 4)",0,0.1
"(np.int64(2), np.int64(3))",LEFT,"(2, 2)",0,0.1
"(np.int64(2), np.int64(3))",RIGHT,"(3, 3)",0,0.8
"(np.int64(2), np.int64(3))",RIGHT,"(2, 4)",0,0.1
"(np.int64(2), np.int64(3))",RIGHT,"(2, 2)",0,0.1
"(np.int64(2), np.int64(3))",DOWN,"(2, 2)",0,0.8
"(np.int64(2), np.int64(3))",DOWN,"(1, 3)",0,0.1
"(np.int64(2), np.int64(3))",DOWN,"(3, 3)",0,0.1
"(np.int64(2), np.int64(3))",UP,"(2, 4)",0,0.8
"(np.int64(2), np.int64(3))",UP,"(1, 3)",0,0.1
"(np.int64(2), np.int64(3))",UP,"(3, 3)",0,0.1
"(np.int64(3), np.int64(3))",LEFT,"(2, 3)",0,0.8
"(np.int64(3), np.int64(3))",LEFT,"(3, 4)",0,0.1
"(np.int64(3), np.int64(3))",LEFT,"(3, 2)",0,0.1
"(np.int64(3), np.int64(3))",RIGHT,"(4, 3)",0,0.8
"(np.int64(3), np.int64(3))",RIGHT,"(3, 4)",0,0.1
"(np.int64(3), np.int64(3))",RIGHT,"(3, 2)",0,0.1
"(np.int64(3), np.int64(3))",DOWN,"(3, 2)",0,0.8
"(np.int64(3), np.int64(3))",DOWN,"(2, 3)",0,0.1
"(np.int64(3), np.int64(3))",DOWN,"(4, 3)",0,0.1
"(np.int64(3), np.int64(3))",UP,"(3, 4)",0,0.8
"(np.int64(3), np.int64(3))",UP,"(2, 3)",0,0.1
"(np.int64(3), np.int64(3))",UP,"(4, 3)",0,0.1
"(np.int64(4), np.int64(3))",LEFT,"(3, 3)",0,0.8
"(np.int64(4), np.int64(3))",LEFT,"(4, 4)",0,0.1
"(np.int64(4), np.int64(3))",LEFT,"(4, 2)",0,0.1
"(np.int64(4), np.int64(3))",RIGHT,"(4, 3)",0,0.8
"(np.int64(4), np.int64(3))",RIGHT,"(4, 4)",0,0.1
"(np.int64(4), np.int64(3))",RIGHT,"(4, 2)",0,0.1
"(np.int64(4), np.int64(3))",DOWN,"(4, 2)",0,0.8
"(np.int64(4), np.int64(3))",DOWN,"(3, 3)",0,0.1
"(np.int64(4), np.int64(3))",DOWN,"(4, 3)",0,0.1
"(np.int64(4), np.int64(3))",UP,"(4, 4)",0,0.8
"(np.int64(4), np.int64(3))",UP,"(3, 3)",0,0.1
"(np.int64(4), np.int64(3))",UP,"(4, 3)",0,0.1
"(np.int64(6), np.int64(3))",LEFT,"(6, 3)",0,0.8
"(np.int64(6), np.int64(3))",LEFT,"(6, 3)",0,0.1
"(np.int64(6), np.int64(3))",LEFT,"(6, 2)",0,0.1
"(np.int64(6), np.int64(3))",RIGHT,"(7, 3)",0,0.8
"(np.int64(6), np.int64(3))",RIGHT,"(6, 3)",0,0.1
"(np.int64(6), np.int64(3))",RIGHT,"(6, 2)",0,0.1
"(np.int64(6), np.int64(3))",DOWN,"(6, 2)",0,0.8
"(np.int64(6), np.int64(3))",DOWN,"(6, 3)",0,0.1
"(np.int64(6), np.int64(3))",DOWN,"(7, 3)",0,0.1
"(np.int64(6), np.int64(3))",UP,"(6, 3)",0,0.8
"(np.int64(6), np.int64(3))",UP,"(6, 3)",0,0.1
"(np.int64(6), np.int64(3))",UP,"(7, 3)",0,0.1
"(np.int64(7), np.int64(3))",LEFT,"(6, 3)",0,0.8
"(np.int64(7), np.int64(3))",LEFT,"(7, 3)",0,0.1
"(np.int64(7), np.int64(3))",LEFT,"(7, 2)",0,0.1
"(np.int64(7), np.int64(3))",RIGHT,"(8, 3)",0,0.8
"(np.int64(7), np.int64(3))",RIGHT,"(7, 3)",0,0.1
"(np.int64(7), np.int64(3))",RIGHT,"(7, 2)",0,0.1
"(np.int64(7), np.int64(3))",DOWN,"(7, 2)",0,0.8
"(np.int64(7), np.int64(3))",DOWN,"(6, 3)",0,0.1
"(np.int64(7), np.int64(3))",DOWN,"(8, 3)",0,0.1
"(np.int64(7), np.int64(3))",UP,"(7, 3)",0,0.8
"(np.int64(7), np.int64(3))",UP,"(6, 3)",0,0.1
"(np.int64(7), np.int64(3))",UP,"(8, 3)",0,0.1
"(np.int64(8), np.int64(3))",LEFT,"(7, 3)",0,0.8
"(np.int64(8), np.int64(3))",LEFT,"(8, 4)",0,0.1
"(np.int64(8), np.int64(3))",LEFT,"(8, 2)",0,0.1
"(np.int64(8), np.int64(3))",RIGHT,"(9, 3)",0,0.8
"(np.int64(8), np.int64(3))",RIGHT,"(8, 4)",0,0.1
"(np.int64(8), np.int64(3))",RIGHT,"(8, 2)",0,0.1
"(np.int64(8), np.int64(3))",DOWN,"(8, 2)",0,0.8
"(np.int64(8), np.int64(3))",DOWN,"(7, 3)",0,0.1
"(np.int64(8), np.int64(3))",DOWN,"(9, 3)",0,0.1
"(np.int64(8), np.int64(3))",UP,"(8, 4)",0,0.8
"(np.int64(8), np.int64(3))",UP,"(7, 3)",0,0.1
"(np.int64(8), np.int64(3))",UP,"(9, 3)",0,0.1
"(np.int64(9), np.int64(3))",LEFT,"(8, 3)",0,0.8
"(np.int64(9), np.int64(3))",LEFT,"(9, 3)",0,0.1
"(np.int64(9), np.int64(3))",LEFT,"(9, 2)",0,0.1
"(np.int64(9), np.int64(3))",RIGHT,"(10, 3)",0,0.8
"(np.int64(9), np.int64(3))",RIGHT,"(9, 3)",0,0.1
"(np.int64(9), np.int64(3))",RIGHT,"(9, 2)",0,0.1
"(np.int64(9), np.int64(3))",DOWN,"(9, 2)",0,0.8
"(np.int64(9), np.int64(3))",DOWN,"(8, 3)",0,0.1
"(np.int64(9), np.int64(3))",DOWN,"(10, 3)",0,0.1
"(np.int64(9), np.int64(3))",UP,"(9, 3)",0,0.8
"(np.int64(9), np.int64(3))",UP,"(8, 3)",0,0.1
"(np.int64(9), np.int64(3))",UP,"(10, 3)",0,0.1
"(np.int64(10), np.int64(3))",LEFT,"(9, 3)",0,0.8
"(np.int64(10), np.int64(3))",LEFT,"(10, 3)",0,0.1
"(np.int64(10), np.int64(3))",LEFT,"(10, 2)",0,0.1
"(np.int64(10), np.int64(3))",RIGHT,"(10, 3)",0,0.8
"(np.int64(10), np.int64(3))",RIGHT,"(10, 3)",0,0.1
"(np.int64(10), np.int64(3))",RIGHT,"(10, 2)",0,0.1
"(np.int64(10), np.int64(3))",DOWN,"(10, 2)",0,0.8
"(np.int64(10), np.int64(3))",DOWN,"(9, 3)",0,0.1
"(np.int64(10), np.int64(3))",DOWN,"(10, 3)",0,0.1
"(np.int64(10), np.int64(3))",UP,"(10, 3)",0,0.8
"(np.int64(10), np.int64(3))",UP,"(9, 3)",0,0.1
"(np.int64(10), np.int64(3))",UP,"(10, 3)",0,0.1
"(np.int64(0), np.int64(2))",LEFT,"(0, 2)",0,0.8
"(np.int64(0), np.int64(2))",LEFT,"(0, 3)",0,0.1
"(np.int64(0), np.int64(2))",LEFT,"(0, 1)",0,0.1
"(np.int64(0), np.int64(2))",RIGHT,"(1, 2)",0,0.8
"(np.int64(0), np.int64(2))",RIGHT,"(0, 3)",0,0.1
"(np.int64(0), np.int64(2))",RIGHT,"(0, 1)",0,0.1
"(np.int64(0), np.int64(2))",DOWN,"(0, 1)",0,0.8
"(np.int64(0), np.int64(2))",DOWN,"(0, 2)",0,0.1
"(np.int64(0), np.int64(2))",DOWN,"(1, 2)",0,0.1
"(np.int64(0), np.int64(2))",UP,"(0, 3)",0,0.8
"(np.int64(0), np.int64(2))",UP,"(0, 2)",0,0.1
"(np.int64(0), np.int64(2))",UP,"(1, 2)",0,0.1
"(np.int64(1), np.int64(2))",LEFT,"(0, 2)",0,0.8
"(np.int64(1), np.int64(2))",LEFT,"(1, 3)",0,0.1
"(np.int64(1), np.int64(2))",LEFT,"(1, 1)",0,0.1
"(np.int64(1), np.int64(2))",RIGHT,"(2, 2)",0,0.8
"(np.int64(1), np.int64(2))",RIGHT,"(1, 3)",0,0.1
"(np.int64(1), np.int64(2))",RIGHT,"(1, 1)",0,0.1
"(np.int64(1), np.int64(2))",DOWN,"(1, 1)",0,0.8
"(np.int64(1), np.int64(2))",DOWN,"(0, 2)",0,0.1
"(np.int64(1), np.int64(2))",DOWN,"(2, 2)",0,0.1
"(np.int64(1), np.int64(2))",UP,"(1, 3)",0,0.8
"(np.int64(1), np.int64(2))",UP,"(0, 2)",0,0.1
"(np.int64(1), np.int64(2))",UP,"(2, 2)",0,0.1
"(np.int64(2), np.int64(2))",LEFT,"(1, 2)",0,0.8
"(np.int64(2), np.int64(2))",LEFT,"(2, 3)",0,0.1
"(np.int64(2), np.int64(2))",LEFT,"(2, 1)",0,0.1
"(np.int64(2), np.int64(2))",RIGHT,"(3, 2)",0,0.8
"(np.int64(2), np.int64(2))",RIGHT,"(2, 3)",0,0.1
"(np.int64(2), np.int64(2))",RIGHT,"(2, 1)",0,0.1
"(np.int64(2), np.int64(2))",DOWN,"(2, 1)",0,0.8
"(np.int64(2), np.int64(2))",DOWN,"(1, 2)",0,0.1
"(np.int64(2), np.int64(2))",DOWN,"(3, 2)",0,0.1
"(np.int64(2), np.int64(2))",UP,"(2, 3)",0,0.8
"(np.int64(2), np.int64(2))",UP,"(1, 2)",0,0.1
"(np.int64(2), np.int64(2))",UP,"(3, 2)",0,0.1
"(np.int64(3), np.int64(2))",LEFT,"(2, 2)",0,0.8
"(np.int64(3), np.int64(2))",LEFT,"(3, 3)",0,0.1
"(np.int64(3), np.int64(2))",LEFT,"(3, 1)",0,0.1
"(np.int64(3), np.int64(2))",RIGHT,"(4, 2)",0,0.8
"(np.int64(3), np.int64(2))",RIGHT,"(3, 3)",0,0.1
"(np.int64(3), np.int64(2))",RIGHT,"(3, 1)",0,0.1
"(np.int64(3), np.int64(2))",DOWN,"(3, 1)",0,0.8
"(np.int64(3), np.int64(2))",DOWN,"(2, 2)",0,0.1
"(np.int64(3), np.int64(2))",DOWN,"(4, 2)",0,0.1
"(np.int64(3), np.int64(2))",UP,"(3, 3)",0,0.8
"(np.int64(3), np.int64(2))",UP,"(2, 2)",0,0.1
"(np.int64(3), np.int64(2))",UP,"(4, 2)",0,0.1
"(np.int64(4), np.int64(2))",LEFT,"(3, 2)",0,0.8
"(np.int64(4), np.int64(2))",LEFT,"(4, 3)",0,0.1
"(np.int64(4), np.int64(2))",LEFT,"(4, 1)",0,0.1
"(np.int64(4), np.int64(2))",RIGHT,"(4, 2)",0,0.8
"(np.int64(4), np.int64(2))",RIGHT,"(4, 3)",0,0.1
"(np.int64(4), np.int64(2))",RIGHT,"(4, 1)",0,0.1
"(np.int64(4), np.int64(2))",DOWN,"(4, 1)",0,0.8
"(np.int64(4), np.int64(2))",DOWN,"(3, 2)",0,0.1
"(np.int64(4), np.int64(2))",DOWN,"(4, 2)",0,0.1
"(np.int64(4), np.int64(2))",UP,"(4, 3)",0,0.8
"(np.int64(4), np.int64(2))",UP,"(3, 2)",0,0.1
"(np.int64(4), np.int64(2))",UP,"(4, 2)",0,0.1
"(np.int64(6), np.int64(2))",LEFT,"(6, 2)",0,0.8
"(np.int64(6), np.int64(2))",LEFT,"(6, 3)",0,0.1
"(np.int64(6), np.int64(2))",LEFT,"(6, 1)",0,0.1
"(np.int64(6), np.int64(2))",RIGHT,"(7, 2)",0,0.8
"(np.int64(6), np.int64(2))",RIGHT,"(6, 3)",0,0.1
"(np.int64(6), np.int64(2))",RIGHT,"(6, 1)",0,0.1
"(np.int64(6), np.int64(2))",DOWN,"(6, 1)",0,0.8
"(np.int64(6), np.int64(2))",DOWN,"(6, 2)",0,0.1
"(np.int64(6), np.int64(2))",DOWN,"(7, 2)",0,0.1
"(np.int64(6), np.int64(2))",UP,"(6, 3)",0,0.8
"(np.int64(6), np.int64(2))",UP,"(6, 2)",0,0.1
"(np.int64(6), np.int64(2))",UP,"(7, 2)",0,0.1
"(np.int64(7), np.int64(2))",LEFT,"(6, 2)",0,0.8
"(np.int64(7), np.int64(2))",LEFT,"(7, 3)",0,0.1
"(np.int64(7), np.int64(2))",LEFT,"(7, 1)",0,0.1
"(np.int64(7), np.int64(2))",RIGHT,"(8, 2)",0,0.8
"(np.int64(7), np.int64(2))",RIGHT,"(7, 3)",0,0.1
"(np.int64(7), np.int64(2))",RIGHT,"(7, 1)",0,0.1
"(np.int64(7), np.int64(2))",DOWN,"(7, 1)",0,0.8
"(np.int64(7), np.int64(2))",DOWN,"(6, 2)",0,0.1
"(np.int64(7), np.int64(2))",DOWN,"(8, 2)",0,0.1
"(np.int64(7), np.int64(2))",UP,"(7, 3)",0,0.8
"(np.int64(7), np.int64(2))",UP,"(6, 2)",0,0.1
"(np.int64(7), np.int64(2))",UP,"(8, 2)",0,0.1
"(np.int64(8), np.int64(2))",LEFT,"(7, 2)",0,0.8
"(np.int64(8), np.int64(2))",LEFT,"(8, 3)",0,0.1
"(np.int64(8), np.int64(2))",LEFT,"(8, 1)",0,0.1
"(np.int64(8), np.int64(2))",RIGHT,"(9, 2)",0,0.8
"(np.int64(8), np.int64(2))",RIGHT,"(8, 3)",0,0.1
"(np.int64(8), np.int64(2))",RIGHT,"(8, 1)",0,0.1
"(np.int64(8), np.int64(2))",DOWN,"(8, 1)",0,0.8
"(np.int64(8), np.int64(2))",DOWN,"(7, 2)",0,0.1
"(np.int64(8), np.int64(2))",DOWN,"(9, 2)",0,0.1
"(np.int64(8), np.int64(2))",UP,"(8, 3)",0,0.8
"(np.int64(8), np.int64(2))",UP,"(7, 2)",0,0.1
"(np.int64(8), np.int64(2))",UP,"(9, 2)",0,0.1
"(np.int64(9), np.int64(2))",LEFT,"(8, 2)",0,0.8
"(np.int64(9), np.int64(2))",LEFT,"(9, 3)",0,0.1
"(np.int64(9), np.int64(2))",LEFT,"(9, 1)",0,0.1
"(np.int64(9), np.int64(2))",RIGHT,"(10, 2)",0,0.8
"(np.int64(9), np.int64(2))",RIGHT,"(9, 3)",0,0.1
"(np.int64(9), np.int64(2))",RIGHT,"(9, 1)",0,0.1
"(np.int64(9), np.int64(2))",DOWN,"(9, 1)",0,0.8
"(np.int64(9), np.int64(2))",DOWN,"(8, 2)",0,0.1
"(np.int64(9), np.int64(2))",DOWN,"(10, 2)",0,0.1
"(np.int64(9), np.int64(2))",UP,"(9, 3)",0,0.8
"(np.int64(9), np.int64(2))",UP,"(8, 2)",0,0.1
"(np.int64(9), np.int64(2))",UP,"(10, 2)",0,0.1
"(np.int64(10), np.int64(2))",LEFT,"(9, 2)",0,0.8
"(np.int64(10), np.int64(2))",LEFT,"(10, 3)",0,0.1
"(np.int64(10), np.int64(2))",LEFT,"(10, 1)",0,0.1
"(np.int64(10), np.int64(2))",RIGHT,"(10, 2)",0,0.8
"(np.int64(10), np.int64(2))",RIGHT,"(10, 3)",0,0.1
"(np.int64(10), np.int64(2))",RIGHT,"(10, 1)",0,0.1
"(np.int64(10), np.int64(2))",DOWN,"(10, 1)",0,0.8
"(np.int64(10), np.int64(2))",DOWN,"(9, 2)",0,0.1
"(np.int64(10), np.int64(2))",DOWN,"(10, 2)",0,0.1
"(np.int64(10), np.int64(2))",UP,"(10, 3)",0,0.8
"(np.int64(10), np.int64(2))",UP,"(9, 2)",0,0.1
"(np.int64(10), np.int64(2))",UP,"(10, 2)",0,0.1
"(np.int64(0), np.int64(1))",LEFT,"(0, 1)",0,0.8
"(np.int64(0), np.int64(1))",LEFT,"(0, 2)",0,0.1
"(np.int64(0), np.int64(1))",LEFT,"(0, 0)",0,0.1
"(np.int64(0), np.int64(1))",RIGHT,"(1, 1)",0,0.8
"(np.int64(0), np.int64(1))",RIGHT,"(0, 2)",0,0.1
"(np.int64(0), np.int64(1))",RIGHT,"(0, 0)",0,0.1
"(np.int64(0), np.int64(1))",DOWN,"(0, 0)",0,0.8
"(np.int64(0), np.int64(1))",DOWN,"(0, 1)",0,0.1
"(np.int64(0), np.int64(1))",DOWN,"(1, 1)",0,0.1
"(np.int64(0), np.int64(1))",UP,"(0, 2)",0,0.8
"(np.int64(0), np.int64(1))",UP,"(0, 1)",0,0.1
"(np.int64(0), np.int64(1))",UP,"(1, 1)",0,0.1
"(np.int64(1), np.int64(1))",LEFT,"(0, 1)",0,0.8
"(np.int64(1), np.int64(1))",LEFT,"(1, 2)",0,0.1
"(np.int64(1), np.int64(1))",LEFT,"(1, 0)",0,0.1
"(np.int64(1), np.int64(1))",RIGHT,"(2, 1)",0,0.8
"(np.int64(1), np.int64(1))",RIGHT,"(1, 2)",0,0.1
"(np.int64(1), np.int64(1))",RIGHT,"(1, 0)",0,0.1
"(np.int64(1), np.int64(1))",DOWN,"(1, 0)",0,0.8
"(np.int64(1), np.int64(1))",DOWN,"(0, 1)",0,0.1
"(np.int64(1), np.int64(1))",DOWN,"(2, 1)",0,0.1
"(np.int64(1), np.int64(1))",UP,"(1, 2)",0,0.8
"(np.int64(1), np.int64(1))",UP,"(0, 1)",0,0.1
"(np.int64(1), np.int64(1))",UP,"(2, 1)",0,0.1
"(np.int64(2), np.int64(1))",LEFT,"(1, 1)",0,0.8
"(np.int64(2), np.int64(1))",LEFT,"(2, 2)",0,0.1
"(np.int64(2), np.int64(1))",LEFT,"(2, 0)",0,0.1
"(np.int64(2), np.int64(1))",RIGHT,"(3, 1)",0,0.8
"(np.int64(2), np.int64(1))",RIGHT,"(2, 2)",0,0.1
"(np.int64(2), np.int64(1))",RIGHT,"(2, 0)",0,0.1
"(np.int64(2), np.int64(1))",DOWN,"(2, 0)",0,0.8
"(np.int64(2), np.int64(1))",DOWN,"(1, 1)",0,0.1
"(np.int64(2), np.int64(1))",DOWN,"(3, 1)",0,0.1
"(np.int64(2), np.int64(1))",UP,"(2, 2)",0,0.8
"(np.int64(2), np.int64(1))",UP,"(1, 1)",0,0.1
"(np.int64(2), np.int64(1))",UP,"(3, 1)",0,0.1
"(np.int64(3), np.int64(1))",LEFT,"(2, 1)",0,0.8
"(np.int64(3), np.int64(1))",LEFT,"(3, 2)",0,0.1
"(np.int64(3), np.int64(1))",LEFT,"(3, 0)",0,0.1
"(np.int64(3), np.int64(1))",RIGHT,"(4, 1)",0,0.8
"(np.int64(3), np.int64(1))",RIGHT,"(3, 2)",0,0.1
"(np.int64(3), np.int64(1))",RIGHT,"(3, 0)",0,0.1
"(np.int64(3), np.int64(1))",DOWN,"(3, 0)",0,0.8
"(np.int64(3), np.int64(1))",DOWN,"(2, 1)",0,0.1
"(np.int64(3), np.int64(1))",DOWN,"(4, 1)",0,0.1
"(np.int64(3), np.int64(1))",UP,"(3, 2)",0,0.8
"(np.int64(3), np.int64(1))",UP,"(2, 1)",0,0.1
"(np.int64(3), np.int64(1))",UP,"(4, 1)",0,0.1
"(np.int64(4), np.int64(1))",LEFT,"(3, 1)",0,0.8
"(np.int64(4), np.int64(1))",LEFT,"(4, 2)",0,0.1
"(np.int64(4), np.int64(1))",LEFT,"(4, 0)",0,0.1
"(np.int64(4), np.int64(1))",RIGHT,"(5, 1)",0,0.8
"(np.int64(4), np.int64(1))",RIGHT,"(4, 2)",0,0.1
"(np.int64(4), np.int64(1))",RIGHT,"(4, 0)",0,0.1
"(np.int64(4), np.int64(1))",DOWN,"(4, 0)",0,0.8
"(np.int64(4), np.int64(1))",DOWN,"(3, 1)",0,0.1
"(np.int64(4), np.int64(1))",DOWN,"(5, 1)",0,0.1
"(np.int64(4), np.int64(1))",UP,"(4, 2)",0,0.8
"(np.int64(4), np.int64(1))",UP,"(3, 1)",0,0.1
"(np.int64(4), np.int64(1))",UP,"(5, 1)",0,0.1
"(np.int64(5), np.int64(1))",LEFT,"(4, 1)",0,0.8
"(np.int64(5), np.int64(1))",LEFT,"(5, 1)",0,0.1
"(np.int64(5), np.int64(1))",LEFT,"(5, 1)",0,0.1
"(np.int64(5), np.int64(1))",RIGHT,"(6, 1)",0,0.8
"(np.int64(5), np.int64(1))",RIGHT,"(5, 1)",0,0.1
"(np.int64(5), np.int64(1))",RIGHT,"(5, 1)",0,0.1
"(np.int64(5), np.int64(1))",DOWN,"(5, 1)",0,0.8
"(np.int64(5), np.int64(1))",DOWN,"(4, 1)",0,0.1
"(np.int64(5), np.int64(1))",DOWN,"(6, 1)",0,0.1
"(np.int64(5), np.int64(1))",UP,"(5, 1)",0,0.8
"(np.int64(5), np.int64(1))",UP,"(4, 1)",0,0.1
"(np.int64(5), np.int64(1))",UP,"(6, 1)",0,0.1
"(np.int64(6), np.int64(1))",LEFT,"(5, 1)",0,0.8
"(np.int64(6), np.int64(1))",LEFT,"(6, 2)",0,0.1
"(np.int64(6), np.int64(1))",LEFT,"(6, 0)",0,0.1
"(np.int64(6), np.int64(1))",RIGHT,"(7, 1)",0,0.8
"(np.int64(6), np.int64(1))",RIGHT,"(6, 2)",0,0.1
"(np.int64(6), np.int64(1))",RIGHT,"(6, 0)",0,0.1
"(np.int64(6), np.int64(1))",DOWN,"(6, 0)",0,0.8
"(np.int64(6), np.int64(1))",DOWN,"(5, 1)",0,0.1
"(np.int64(6), np.int64(1))",DOWN,"(7, 1)",0,0.1
"(np.int64(6), np.int64(1))",UP,"(6, 2)",0,0.8
"(np.int64(6), np.int64(1))",UP,"(5, 1)",0,0.1
"(np.int64(6), np.int64(1))",UP,"(7, 1)",0,0.1
"(np.int64(7), np.int64(1))",LEFT,"(6, 1)",0,0.8
"(np.int64(7), np.int64(1))",LEFT,"(7, 2)",0,0.1
"(np.int64(7), np.int64(1))",LEFT,"(7, 0)",0,0.1
"(np.int64(7), np.int64(1))",RIGHT,"(8, 1)",0,0.8
"(np.int64(7), np.int64(1))",RIGHT,"(7, 2)",0,0.1
"(np.int64(7), np.int64(1))",RIGHT,"(7, 0)",0,0.1
"(np.int64(7), np.int64(1))",DOWN,"(7, 0)",0,0.8
"(np.int64(7), np.int64(1))",DOWN,"(6, 1)",0,0.1
"(np.int64(7), np.int64(1))",DOWN,"(8, 1)",0,0.1
"(np.int64(7), np.int64(1))",UP,"(7, 2)",0,0.8
"(np.int64(7), np.int64(1))",UP,"(6, 1)",0,0.1
"(np.int64(7), np.int64(1))",UP,"(8, 1)",0,0.1
"(np.int64(8), np.int64(1))",LEFT,"(7, 1)",0,0.8
"(np.int64(8), np.int64(1))",LEFT,"(8, 2)",0,0.1
"(np.int64(8), np.int64(1))",LEFT,"(8, 0)",0,0.1
"(np.int64(8), np.int64(1))",RIGHT,"(9, 1)",0,0.8
"(np.int64(8), np.int64(1))",RIGHT,"(8, 2)",0,0.1
"(np.int64(8), np.int64(1))",RIGHT,"(8, 0)",0,0.1
"(np.int64(8), np.int64(1))",DOWN,"(8, 0)",0,0.8
"(np.int64(8), np.int64(1))",DOWN,"(7, 1)",0,0.1
"(np.int64(8), np.int64(1))",DOWN,"(9, 1)",0,0.1
"(np.int64(8), np.int64(1))",UP,"(8, 2)",0,0.8
"(np.int64(8), np.int64(1))",UP,"(7, 1)",0,0.1
"(np.int64(8), np.int64(1))",UP,"(9, 1)",0,0.1
"(np.int64(9), np.int64(1))",LEFT,"(8, 1)",0,0.8
"(np.int64(9), np.int64(1))",LEFT,"(9, 2)",0,0.1
"(np.int64(9), np.int64(1))",LEFT,"(9, 0)",0,0.1
"(np.int64(9), np.int64(1))",RIGHT,"(10, 1)",0,0.8
"(np.int64(9), np.int64(1))",RIGHT,"(9, 2)",0,0.1
"(np.int64(9), np.int64(1))",RIGHT,"(9, 0)",0,0.1
"(np.int64(9), np.int64(1))",DOWN,"(9, 0)",0,0.8
"(np.int64(9), np.int64(1))",DOWN,"(8, 1)",0,0.1
"(np.int64(9), np.int64(1))",DOWN,"(10, 1)",0,0.1
"(np.int64(9), np.int64(1))",UP,"(9, 2)",0,0.8
"(np.int64(9), np.int64(1))",UP,"(8, 1)",0,0.1
"(np.int64(9), np.int64(1))",UP,"(10, 1)",0,0.1
"(np.int64(10), np.int64(1))",LEFT,"(9, 1)",0,0.8
"(np.int64(10), np.int64(1))",LEFT,"(10, 2)",0,0.1
"(np.int64(10), np.int64(1))",LEFT,"(10, 0)",0,0.1
"(np.int64(10), np.int64(1))",RIGHT,"(10, 1)",0,0.8
"(np.int64(10), np.int64(1))",RIGHT,"(10, 2)",0,0.1
"(np.int64(10), np.int64(1))",RIGHT,"(10, 0)",0,0.1
"(np.int64(10), np.int64(1))",DOWN,"(10, 0)",0,0.8
"(np.int64(10), np.int64(1))",DOWN,"(9, 1)",0,0.1
"(np.int64(10), np.int64(1))",DOWN,"(10, 1)",0,0.1
"(np.int64(10), np.int64(1))",UP,"(10, 2)",0,0.8
"(np.int64(10), np.int64(1))",UP,"(9, 1)",0,0.1
"(np.int64(10), np.int64(1))",UP,"(10, 1)",0,0.1
"(np.int64(0), np.int64(0))",LEFT,"(0, 0)",0,0.8
"(np.int64(0), np.int64(0))",LEFT,"(0, 1)",0,0.1
"(np.int64(0), np.int64(0))",LEFT,"(0, 0)",0,0.1
"(np.int64(0), np.int64(0))",RIGHT,"(1, 0)",0,0.8
"(np.int64(0), np.int64(0))",RIGHT,"(0, 1)",0,0.1
"(np.int64(0), np.int64(0))",RIGHT,"(0, 0)",0,0.1
"(np.int64(0), np.int64(0))",DOWN,"(0, 0)",0,0.8
"(np.int64(0), np.int64(0))",DOWN,"(0, 0)",0,0.1
"(np.int64(0), np.int64(0))",DOWN,"(1, 0)",0,0.1
"(np.int64(0), np.int64(0))",UP,"(0, 1)",0,0.8
"(np.int64(0), np.int64(0))",UP,"(0, 0)",0,0.1
"(np.int64(0), np.int64(0))",UP,"(1, 0)",0,0.1
"(np.int64(1), np.int64(0))",LEFT,"(0, 0)",0,0.8
"(np.int64(1), np.int64(0))",LEFT,"(1, 1)",0,0.1
"(np.int64(1), np.int64(0))",LEFT,"(1, 0)",0,0.1
"(np.int64(1), np.int64(0))",RIGHT,"(2, 0)",0,0.8
"(np.int64(1), np.int64(0))",RIGHT,"(1, 1)",0,0.1
"(np.int64(1), np.int64(0))",RIGHT,"(1, 0)",0,0.1
"(np.int64(1), np.int64(0))",DOWN,"(1, 0)",0,0.8
"(np.int64(1), np.int64(0))",DOWN,"(0, 0)",0,0.1
"(np.int64(1), np.int64(0))",DOWN,"(2, 0)",0,0.1
"(np.int64(1), np.int64(0))",UP,"(1, 1)",0,0.8
"(np.int64(1), np.int64(0))",UP,"(0, 0)",0,0.1
"(np.int64(1), np.int64(0))",UP,"(2, 0)",0,0.1
"(np.int64(2), np.int64(0))",LEFT,"(1, 0)",0,0.8
"(np.int64(2), np.int64(0))",LEFT,"(2, 1)",0,0.1
"(np.int64(2), np.int64(0))",LEFT,"(2, 0)",0,0.1
"(np.int64(2), np.int64(0))",RIGHT,"(3, 0)",0,0.8
"(np.int64(2), np.int64(0))",RIGHT,"(2, 1)",0,0.1
"(np.int64(2), np.int64(0))",RIGHT,"(2, 0)",0,0.1
"(np.int64(2), np.int64(0))",DOWN,"(2, 0)",0,0.8
"(np.int64(2), np.int64(0))",DOWN,"(1, 0)",0,0.1
"(np.int64(2), np.int64(0))",DOWN,"(3, 0)",0,0.1
"(np.int64(2), np.int64(0))",UP,"(2, 1)",0,0.8
"(np.int64(2), np.int64(0))",UP,"(1, 0)",0,0.1
"(np.int64(2), np.int64(0))",UP,"(3, 0)",0,0.1
"(np.int64(3), np.int64(0))",LEFT,"(2, 0)",0,0.8
"(np.int64(3), np.int64(0))",LEFT,"(3, 1)",0,0.1
"(np.int64(3), np.int64(0))",LEFT,"(3, 0)",0,0.1
"(np.int64(3), np.int64(0))",RIGHT,"(4, 0)",0,0.8
"(np.int64(3), np.int64(0))",RIGHT,"(3, 1)",0,0.1
"(np.int64(3), np.int64(0))",RIGHT,"(3, 0)",0,0.1
"(np.int64(3), np.int64(0))",DOWN,"(3, 0)",0,0.8
"(np.int64(3), np.int64(0))",DOWN,"(2, 0)",0,0.1
"(np.int64(3), np.int64(0))",DOWN,"(4, 0)",0,0.1
"(np.int64(3), np.int64(0))",UP,"(3, 1)",0,0.8
"(np.int64(3), np.int64(0))",UP,"(2, 0)",0,0.1
"(np.int64(3), np.int64(0))",UP,"(4, 0)",0,0.1
"(np.int64(4), np.int64(0))",LEFT,"(3, 0)",0,0.8
"(np.int64(4), np.int64(0))",LEFT,"(4, 1)",0,0.1
"(np.int64(4), np.int64(0))",LEFT,"(4, 0)",0,0.1
"(np.int64(4), np.int64(0))",RIGHT,"(4, 0)",0,0.8
"(np.int64(4), np.int64(0))",RIGHT,"(4, 1)",0,0.1
"(np.int64(4), np.int64(0))",RIGHT,"(4, 0)",0,0.1
"(np.int64(4), np.int64(0))",DOWN,"(4, 0)",0,0.8
"(np.int64(4), np.int64(0))",DOWN,"(3, 0)",0,0.1
"(np.int64(4), np.int64(0))",DOWN,"(4, 0)",0,0.1
"(np.int64(4), np.int64(0))",UP,"(4, 1)",0,0.8
"(np.int64(4), np.int64(0))",UP,"(3, 0)",0,0.1
"(np.int64(4), np.int64(0))",UP,"(4, 0)",0,0.1
"(np.int64(6), np.int64(0))",LEFT,"(6, 0)",0,0.8
"(np.int64(6), np.int64(0))",LEFT,"(6, 1)",0,0.1
"(np.int64(6), np.int64(0))",LEFT,"(6, 0)",0,0.1
"(np.int64(6), np.int64(0))",RIGHT,"(7, 0)",0,0.8
"(np.int64(6), np.int64(0))",RIGHT,"(6, 1)",0,0.1
"(np.int64(6), np.int64(0))",RIGHT,"(6, 0)",0,0.1
"(np.int64(6), np.int64(0))",DOWN,"(6, 0)",0,0.8
"(np.int64(6), np.int64(0))",DOWN,"(6, 0)",0,0.1
"(np.int64(6), np.int64(0))",DOWN,"(7, 0)",0,0.1
"(np.int64(6), np.int64(0))",UP,"(6, 1)",0,0.8
"(np.int64(6), np.int64(0))",UP,"(6, 0)",0,0.1
"(np.int64(6), np.int64(0))",UP,"(7, 0)",0,0.1
"(np.int64(7), np.int64(0))",LEFT,"(6, 0)",0,0.8
"(np.int64(7), np.int64(0))",LEFT,"(7, 1)",0,0.1
"(np.int64(7), np.int64(0))",LEFT,"(7, 0)",0,0.1
"(np.int64(7), np.int64(0))",RIGHT,"(8, 0)",0,0.8
"(np.int64(7), np.int64(0))",RIGHT,"(7, 1)",0,0.1
"(np.int64(7), np.int64(0))",RIGHT,"(7, 0)",0,0.1
"(np.int64(7), np.int64(0))",DOWN,"(7, 0)",0,0.8
"(np.int64(7), np.int64(0))",DOWN,"(6, 0)",0,0.1
"(np.int64(7), np.int64(0))",DOWN,"(8, 0)",0,0.1
"(np.int64(7), np.int64(0))",UP,"(7, 1)",0,0.8
"(np.int64(7), np.int64(0))",UP,"(6, 0)",0,0.1
"(np.int64(7), np.int64(0))",UP,"(8, 0)",0,0.1
"(np.int64(8), np.int64(0))",LEFT,"(7, 0)",0,0.8
"(np.int64(8), np.int64(0))",LEFT,"(8, 1)",0,0.1
"(np.int64(8), np.int64(0))",LEFT,"(8, 0)",0,0.1
"(np.int64(8), np.int64(0))",RIGHT,"(9, 0)",0,0.8
"(np.int64(8), np.int64(0))",RIGHT,"(8, 1)",0,0.1
"(np.int64(8), np.int64(0))",RIGHT,"(8, 0)",0,0.1
"(np.int64(8), np.int64(0))",DOWN,"(8, 0)",0,0.8
"(np.int64(8), np.int64(0))",DOWN,"(7, 0)",0,0.1
"(np.int64(8), np.int64(0))",DOWN,"(9, 0)",0,0.1
"(np.int64(8), np.int64(0))",UP,"(8, 1)",0,0.8
"(np.int64(8), np.int64(0))",UP,"(7, 0)",0,0.1
"(np.int64(8), np.int64(0))",UP,"(9, 0)",0,0.1
"(np.int64(9), np.int64(0))",LEFT,"(8, 0)",0,0.8
"(np.int64(9), np.int64(0))",LEFT,"(9, 1)",0,0.1
"(np.int64(9), np.int64(0))",LEFT,"(9, 0)",0,0.1
"(np.int64(9), np.int64(0))",RIGHT,"(10, 0)",0,0.8
"(np.int64(9), np.int64(0))",RIGHT,"(9, 1)",0,0.1
"(np.int64(9), np.int64(0))",RIGHT,"(9, 0)",0,0.1
"(np.int64(9), np.int64(0))",DOWN,"(9, 0)",0,0.8
"(np.int64(9), np.int64(0))",DOWN,"(8, 0)",0,0.1
"(np.int64(9), np.int64(0))",DOWN,"(10, 0)",0,0.1
"(np.int64(9), np.int64(0))",UP,"(9, 1)",0,0.8
"(np.int64(9), np.int64(0))",UP,"(8, 0)",0,0.1
"(np.int64(9), np.int64(0))",UP,"(10, 0)",0,0.1
"(np.int64(10), np.int64(0))",LEFT,"(9, 0)",0,0.8
"(np.int64(10), np.int64(0))",LEFT,"(10, 1)",0,0.1
"(np.int64(10), np.int64(0))",LEFT,"(10, 0)",0,0.1
"(np.int64(10), np.int64(0))",RIGHT,"(10, 0)",0,0.8
"(np.int64(10), np.int64(0))",RIGHT,"(10, 1)",0,0.1
"(np.int64(10), np.int64(0))",RIGHT,"(10, 0)",0,0.1
"(np.int64(10), np.int64(0))",DOWN,"(10, 0)",0,0.8
"(np.int64(10), np.int64(0))",DOWN,"(9, 0)",0,0.1
"(np.int64(10), np.int64(0))",DOWN,"(10, 0)",0,0.1
"(np.int64(10), np.int64(0))",UP,"(10, 1)",0,0.8
"(np.int64(10), np.int64(0))",UP,"(9, 0)",0,0.1
"(np.int64(10), np.int64(0))",UP,"(10, 0)",0,0.1
